Tiempo_us,ADC_IN_A2,ADC_OUT_A3,Muestra
130325,7932,16356,8052
130341,7963,16326,8053
130357,7768,16235,8054
130373,7945,16331,8055
130389,7873,16292,8056
130405,7806,16319,8057
130421,8036,16226,8058
130437,8067,16326,8059
130453,8000,16334,8060
130469,8117,16265,8061
130485,8036,16303,8062
130501,8003,299,8063
130517,7864,319,8064
130533,7929,346,8065
130549,7847,290,8066
130565,7849,347,8067
130581,7855,332,8068
130597,7862,317,8069
130613,7852,343,8070
130629,7997,346,8071
130645,7950,350,8072
130661,7931,325,8073
130677,7964,285,8074
130693,8015,388,8075
130709,7881,292,8076
130725,7995,306,8077
130741,7902,300,8078
130757,7950,387,8079
130773,7803,345,8080
130789,7668,290,8081
130805,7769,270,8082
130821,7829,321,8083
130837,7895,385,8084
130853,7975,320,8085
130869,7831,319,8086
130885,8037,298,8087
130901,7974,272,8088
130917,7839,365,8089
130933,8006,331,8090
130949,7750,331,8091
130965,7620,339,8092
130981,7999,357,8093
130997,7676,16294,8094
131013,7701,16239,8095
131029,8025,16203,8096
131045,7496,16280,8097
131061,7825,16263,8098
131077,8029,16310,8099
131093,7871,16298,8100
131109,8063,16314,8101
131125,8067,16278,8102
131141,7794,16247,8103
131157,8123,16306,8104
131173,7993,16280,8105
131189,7837,16257,8106
131205,7942,16234,8107
131221,7838,16259,8108
131237,7880,16288,8109
131253,8085,16301,8110
131269,7816,16261,8111
131285,7896,16278,8112
131301,7980,16294,8113
131317,7834,16227,8114
131333,7946,16216,8115
131349,7830,16212,8116
131365,8032,16321,8117
131381,7946,16302,8118
131397,8034,16314,8119
131413,7841,16246,8120
131429,8029,16329,8121
131445,7659,16233,8122
131461,7970,16302,8123
131477,7831,16225,8124
131493,7687,16265,8125
131509,7938,330,8126
131525,7899,331,8127
131541,7975,362,8128
131557,8159,382,8129
131573,7966,346,8130
131589,7968,290,8131
131605,8032,293,8132
131621,7924,320,8133
131637,7995,311,8134
131653,7971,309,8135
131669,7859,280,8136
131685,7816,343,8137
131701,7974,338,8138
131717,7767,352,8139
131733,7810,300,8140
131749,7967,258,8141
131765,8046,345,8142
131781,7831,326,8143
131797,8055,305,8144
131813,8112,375,8145
131829,7856,360,8146
131845,8039,368,8147
131861,7909,348,8148
131877,7734,309,8149
131893,8077,367,8150
131909,7951,301,8151
131925,7710,378,8152
131941,8002,283,8153
131957,7987,336,8154
131973,7795,324,8155
131989,8049,260,8156
132005,7784,16237,8157
132021,8022,16298,8158
132037,8084,16266,8159
132053,7746,16328,8160
132069,7968,16285,8161
132085,7838,16280,8162
132101,7796,16305,8163
132117,7995,16276,8164
132133,7742,16232,8165
132149,7949,16221,8166
132165,8108,16313,8167
132181,7791,16262,8168
132197,7926,16257,8169
132213,8016,16222,8170
132229,7768,16249,8171
132245,8104,16319,8172
132261,7839,16362,8173
132277,7689,16240,8174
132293,8167,16303,8175
132309,7820,16251,8176
132325,7759,16222,8177
132341,8140,16338,8178
132357,7704,16286,8179
132373,8013,16238,8180
132389,8120,16241,8181
132405,7815,16238,8182
132421,7997,16296,8183
132437,8046,16303,8184
132453,7835,16262,8185
132469,8039,16218,8186
132485,7832,16282,8187
132501,8042,354,8188
132517,8081,355,8189
132533,7938,349,8190
132549,8028,316,8191
132565,7836,311,8192
132581,7869,337,8193
132597,7899,342,8194
132613,7969,303,8195
132629,7878,335,8196
132645,7905,325,8197
132661,7899,354,8198
132677,7996,350,8199
132693,7909,337,8200
132709,7871,332,8201
132725,7980,328,8202
132741,7886,380,8203
132757,7836,370,8204
132773,8010,284,8205
132789,7776,304,8206
132805,7777,324,8207
132821,7751,330,8208
132837,7758,348,8209
132853,7735,315,8210
132869,7725,310,8211
132885,7862,370,8212
132901,7893,282,8213
132917,7874,351,8214
132933,8074,366,8215
132949,7964,273,8216
132965,7780,353,8217
132981,7959,264,8218
132997,7801,16292,8219
133013,7650,16230,8220
133029,7897,16153,8221
133045,7602,16311,8222
133061,7720,16202,8223
133077,8052,16241,8224
133093,7742,16256,8225
133109,8035,16218,8226
133125,8191,16250,8227
133141,7706,16280,8228
133157,8078,16247,8229
133173,8020,16200,8230
133189,7758,16303,8231
133205,8050,16280,8232
133221,7941,16351,8233
133237,7789,16283,8234
133253,8052,16269,8235
133269,7840,16238,8236
133285,7769,16252,8237
133301,8048,16314,8238
133317,7847,16273,8239
133333,8109,16279,8240
133349,8009,16325,8241
133365,7843,16240,8242
133381,8158,16226,8243
133397,7829,16217,8244
133413,7821,16359,8245
133429,8110,16296,8246
133445,7765,16243,8247
133461,7908,16285,8248
133477,7900,16223,8249
133493,7784,16275,8250
133509,7951,265,8251
133525,8059,347,8252
133541,7853,337,8253
133557,8146,305,8254
133573,7859,387,8255
133589,7902,292,8256
133605,8190,382,8257
133621,7851,305,8258
133637,8001,304,8259
133653,8094,300,8260
133669,7837,330,8261
133685,7986,360,8262
133701,7967,325,8263
133717,7848,281,8264
133733,7950,367,8265
133749,7847,343,8266
133765,7957,305,8267
133781,8080,414,8268
133797,7855,319,8269
133813,8124,331,8270
133829,7974,394,8271
133845,8066,313,8272
133861,8003,306,8273
133877,7791,345,8274
133893,7906,303,8275
133909,7880,300,8276
133925,7535,278,8277
133941,7959,321,8278
133957,7830,284,8279
133973,7818,370,8280
133989,8069,321,8281
134005,7874,16263,8282
134021,7930,16233,8283
134037,8028,16231,8284
134053,7904,16225,8285
134069,8013,16307,8286
134085,7885,16258,8287
134101,7789,16281,8288
134117,8014,16244,8289
134133,7891,16264,8290
134149,7791,16272,8291
134165,8032,16272,8292
134181,7882,16287,8293
134197,7991,16338,8294
134213,8146,16286,8295
134229,7874,16294,8296
134245,8198,16330,8297
134261,8159,16272,8298
134277,7871,16305,8299
134293,8089,16217,8300
134309,7833,16224,8301
134325,7703,16322,8302
134341,8136,16270,8303
134357,7761,16310,8304
134373,7772,16298,8305
134389,8116,16272,8306
134405,7714,16245,8307
134421,7991,16286,8308
134437,8057,16210,8309
134453,7864,16319,8310
134469,8112,16300,8311
134485,7920,16233,8312
134501,7825,329,8313
134517,8087,381,8314
134533,7909,294,8315
134549,7950,407,8316
134565,7956,300,8317
134581,7706,288,8318
134597,7962,311,8319
134613,7964,332,8320
134629,7801,286,8321
134645,8061,344,8322
134661,7904,363,8323
134677,7829,281,8324
134693,7935,321,8325
134709,7918,374,8326
134725,7909,274,8327
134741,7896,311,8328
134757,7662,302,8329
134773,8057,307,8330
134789,7984,344,8331
134805,7842,309,8332
134821,7840,307,8333
134837,7825,313,8334
134853,7686,293,8335
134869,7870,308,8336
134885,7987,349,8337
134901,7922,352,8338
134917,8033,334,8339
134933,7802,355,8340
134949,7962,291,8341
134965,7892,350,8342
134981,7870,264,8343
134997,8035,16223,8344
135013,7682,16246,8345
135029,7822,16228,8346
135045,7827,16261,8347
135061,7726,16244,8348
135077,7949,16276,8349
135093,7683,16256,8350
135109,7965,16272,8351
135125,8169,16301,8352
135141,7939,16296,8353
135157,7958,16340,8354
135173,8225,16270,8355
135189,7808,16232,8356
135205,7989,16323,8357
135221,7883,16262,8358
135237,7662,16277,8359
135253,7969,16313,8360
135269,7740,16274,8361
135285,7930,16328,8362
135301,8162,16383,8363
135317,7896,16363,8364
135333,7880,16269,8365
135349,8152,16264,8366
135365,7765,16242,8367
135381,8256,16234,8368
135397,7924,16286,8369
135413,7911,16339,8370
135429,8253,16334,8371
135445,7719,16234,8372
135461,7749,16289,8373
135477,8085,16263,8374
135493,7678,16227,8375
135509,8059,298,8376
135525,8173,369,8377
135541,7721,299,8378
135557,8148,325,8379
135573,7967,325,8380
135589,7781,293,8381
135605,8135,362,8382
135621,7934,365,8383
135637,7874,327,8384
135653,8100,313,8385
135669,7881,358,8386
135685,7838,326,8387
135701,8019,372,8388
135717,7751,282,8389
135733,7951,307,8390
135749,8005,378,8391
135765,7890,336,8392
135781,7956,308,8393
135797,7909,333,8394
135813,8003,334,8395
135829,8099,379,8396
135845,7942,360,8397
135861,8042,347,8398
135877,7886,333,8399
135893,7828,277,8400
135909,7861,276,8401
135925,7728,348,8402
135941,7718,308,8403
135957,7870,306,8404
135973,7765,344,8405
135989,7914,285,8406
136005,7955,16345,8407
136021,7725,16258,8408
136037,8135,16264,8409
136053,7983,16278,8410
136069,7990,16227,8411
136085,7982,16297,8412
136101,7840,16271,8413
136117,7886,16316,8414
136133,7880,16215,8415
136149,7770,16249,8416
136165,7941,16308,8417
136181,7854,16242,8418
136197,7856,16310,8419
136213,8100,16293,8420
136229,7757,16319,8421
136245,8095,16254,8422
136261,8044,16318,8423
136277,7872,16290,8424
136293,8152,16319,8425
136309,8084,16314,8426
136325,7804,16269,8427
136341,8034,16245,8428
136357,7930,16314,8429
136373,7757,16298,8430
136389,7958,16240,8431
136405,7676,16308,8432
136421,8041,16335,8433
136437,8082,16230,8434
136453,7785,16299,8435
136469,8193,16322,8436
136485,8130,16238,8437
136501,7838,355,8438
136517,8074,296,8439
136533,7856,322,8440
136549,7928,349,8441
136565,8085,339,8442
136581,7765,387,8443
136597,7961,344,8444
136613,8101,363,8445
136629,7810,346,8446
136645,7982,312,8447
136661,7925,333,8448
136677,7864,359,8449
136693,7971,317,8450
136709,7870,277,8451
136725,7933,334,8452
136741,8164,345,8453
136757,7846,389,8454
136773,7964,350,8455
136789,8018,341,8456
136805,7766,348,8457
136821,7749,289,8458
136837,7791,268,8459
136853,7553,279,8460
136869,7758,321,8461
136885,7961,381,8462
136901,7891,333,8463
136917,8078,327,8464
136933,7874,325,8465
136949,7865,273,8466
136965,7934,332,8467
136981,7861,301,8468
136997,7942,16292,8469
137013,7867,16326,8470
137029,7855,16305,8471
137045,7828,16247,8472
137061,7730,16289,8473
137077,7908,16282,8474
137093,7898,16312,8475
137109,7893,16306,8476
137125,8012,16329,8477
137141,7910,16364,8478
137157,8046,16313,8479
137173,8122,16224,8480
137189,8001,16302,8481
137205,8139,16291,8482
137221,7985,16286,8483
137237,7819,16347,8484
137253,7877,16214,8485
137269,7845,16383,8486
137285,7646,16258,8487
137301,7846,16327,8488
137317,7801,16268,8489
137333,7991,16238,8490
137349,8051,16273,8491
137365,7799,16339,8492
137381,7983,16255,8493
137397,8139,16325,8494
137413,7839,16265,8495
137429,8079,16372,8496
137445,7968,16357,8497
137461,7841,16353,8498
137477,8061,16372,8499
137493,7678,16237,8500
137509,7822,337,8501
137525,7995,301,8502
137541,7794,348,8503
137557,7969,275,8504
137573,8014,298,8505
137589,7737,316,8506
137605,8115,339,8507
137621,8114,319,8508
137637,7732,302,8509
137653,8028,318,8510
137669,7924,366,8511
137685,7795,303,8512
137701,7997,305,8513
137717,7770,269,8514
137733,7949,380,8515
137749,8013,308,8516
137765,7837,314,8517
137781,7977,311,8518
137797,8047,347,8519
137813,7761,284,8520
137829,8159,363,8521
137845,8005,327,8522
137861,7970,349,8523
137877,8102,362,8524
137893,7899,348,8525
137909,7916,360,8526
137925,7887,383,8527
137941,7837,368,8528
137957,7845,325,8529
137973,7894,339,8530
137989,7791,298,8531
138005,8022,16267,8532
138021,7956,16292,8533
138037,7923,16321,8534
138053,8115,16267,8535
138069,7835,16289,8536
138085,7922,16295,8537
138101,8033,16207,8538
138117,7840,16339,8539
138133,7885,16217,8540
138149,7987,16300,8541
138165,7820,16324,8542
138181,7916,16302,8543
138197,7814,16233,8544
138213,7968,16291,8545
138229,7855,16217,8546
138245,8103,16310,8547
138261,8043,16246,8548
138277,7790,16291,8549
138293,7887,16320,8550
138309,7959,16203,8551
138325,7721,16256,8552
138341,8010,16305,8553
138357,8010,16317,8554
138373,7740,16228,8555
138389,7997,16260,8556
138405,7961,16301,8557
138421,7847,16284,8558
138437,7973,16252,8559
138453,7916,16268,8560
138469,7847,16261,8561
138485,8068,16341,8562
138501,7998,325,8563
138517,8086,347,8564
138533,8073,365,8565
138549,7870,298,8566
138565,8010,367,8567
138581,7966,300,8568
138597,7817,336,8569
138613,7974,358,8570
138629,7913,319,8571
138645,7952,331,8572
138661,7962,320,8573
138677,7880,338,8574
138693,8039,318,8575
138709,7941,334,8576
138725,7926,342,8577
138741,8095,297,8578
138757,7801,289,8579
138773,7875,308,8580
138789,8047,331,8581
138805,7799,305,8582
138821,7886,334,8583
138837,7905,328,8584
138853,7834,346,8585
138869,8005,335,8586
138885,8023,365,8587
138901,7730,290,8588
138917,8187,393,8589
138933,7839,281,8590
138949,7832,344,8591
138965,8101,391,8592
138981,7915,333,8593
138997,8094,16351,8594
139013,7924,16204,8595
139029,7768,16226,8596
139045,7999,16314,8597
139061,7962,16284,8598
139077,7823,16238,8599
139093,7913,16273,8600
139109,7816,16286,8601
139125,7878,16303,8602
139141,8011,16279,8603
139157,7777,16213,8604
139173,8055,16315,8605
139189,7939,16373,8606
139205,7969,16198,8607
139221,8127,16334,8608
139237,7855,16323,8609
139253,7860,16303,8610
139269,7897,16288,8611
139285,7797,16327,8612
139301,7809,16221,8613
139317,7989,16296,8614
139333,7924,16329,8615
139349,7904,16295,8616
139365,7997,16310,8617
139381,7891,16204,8618
139397,8195,16339,8619
139413,8094,16207,8620
139429,8061,16222,8621
139445,8003,16289,8622
139461,7935,16275,8623
139477,7891,16210,8624
139493,7786,16275,8625
139509,7819,332,8626
139525,8094,333,8627
139541,7634,317,8628
139557,7819,302,8629
139573,8035,348,8630
139589,7689,298,8631
139605,8115,310,8632
139621,8194,369,8633
139637,7848,371,8634
139653,8103,311,8635
139669,8016,348,8636
139685,7868,356,8637
139701,8139,331,8638
139717,7908,386,8639
139733,7824,347,8640
139749,7919,291,8641
139765,7785,328,8642
139781,7956,342,8643
139797,8114,317,8644
139813,7849,375,8645
139829,8032,359,8646
139845,8130,372,8647
139861,7816,290,8648
139877,7957,334,8649
139893,7742,279,8650
139909,7838,305,8651
139925,7917,346,8652
139941,7670,331,8653
139957,7861,268,8654
139973,8081,342,8655
139989,7619,269,8656
140005,8012,16226,8657
140021,8018,16350,8658
140037,7740,16297,8659
140053,8098,16266,8660
140069,7926,16292,8661
140085,7915,16281,8662
140101,8186,16341,8663
140117,7951,16282,8664
140133,7853,16247,8665
140149,8058,16298,8666
140165,7834,16250,8667
140181,7891,16275,8668
140197,7947,16249,8669
140213,7798,16273,8670
140229,7807,16258,8671
140245,7951,16261,8672
140261,7866,16313,8673
140277,7908,16302,8674
140293,7949,16284,8675
140309,7993,16227,8676
140325,8066,16272,8677
140341,8033,16238,8678
140357,8016,16272,8679
140373,7891,16326,8680
140389,7960,16278,8681
140405,7997,16283,8682
140421,7809,16246,8683
140437,7972,16342,8684
140453,7983,16264,8685
140469,7808,16185,8686
140485,8013,16194,8687
140501,7911,365,8688
140517,8075,360,8689
140533,8058,341,8690
140549,7968,363,8691
140565,8023,293,8692
140581,7786,298,8693
140597,7813,314,8694
140613,7882,288,8695
140629,7875,318,8696
140645,7830,372,8697
140661,7884,306,8698
140677,7815,279,8699
140693,8105,338,8700
140709,8048,305,8701
140725,7752,298,8702
140741,8256,350,8703
140757,8058,346,8704
140773,7833,372,8705
140789,8185,364,8706
140805,7875,383,8707
140821,7826,271,8708
140837,7977,308,8709
140853,7814,314,8710
140869,8042,297,8711
140885,8154,325,8712
140901,7659,308,8713
140917,8025,344,8714
140933,8098,337,8715
140949,7735,318,8716
140965,8046,344,8717
140981,7806,346,8718
140997,7790,16345,8719
141013,7984,16269,8720
141029,7677,16217,8721
141045,7782,16229,8722
141061,7952,16253,8723
141077,7811,16318,8724
141093,7943,16284,8725
141109,7902,16227,8726
141125,7782,16311,8727
141141,8081,16256,8728
141157,7956,16273,8729
141173,7930,16212,8730
141189,7978,16329,8731
141205,7861,16288,8732
141221,7912,16306,8733
141237,7997,16273,8734
141253,7904,16266,8735
141269,7954,16243,8736
141285,8066,16343,8737
141301,7936,16271,8738
141317,8028,16265,8739
141333,7867,16371,8740
141349,7807,16240,8741
141365,8042,16305,8742
141381,7898,16307,8743
141397,7937,16298,8744
141413,8070,16328,8745
141429,7979,16337,8746
141445,7996,16294,8747
141461,8037,16355,8748
141477,8037,16312,8749
141493,7882,16245,8750
141509,7918,315,8751
141525,7992,296,8752
141541,7821,377,8753
141557,7952,369,8754
141573,7902,310,8755
141589,7755,282,8756
141605,7898,345,8757
141621,7869,291,8758
141637,7810,297,8759
141653,8015,391,8760
141669,7926,325,8761
141685,7837,322,8762
141701,7890,330,8763
141717,7899,305,8764
141733,7724,386,8765
141749,7863,308,8766
141765,7763,262,8767
141781,7782,294,8768
141797,7996,273,8769
141813,7885,289,8770
141829,8057,349,8771
141845,7939,367,8772
141861,7878,334,8773
141877,8000,294,8774
141893,7774,326,8775
141909,7712,340,8776
141925,8160,344,8777
141941,7808,351,8778
141957,7757,281,8779
141973,7954,381,8780
141989,7731,336,8781
142005,7950,16332,8782
142021,8056,16313,8783
142037,7817,16301,8784
142053,8164,16248,8785
142069,8068,16233,8786
142085,7782,16282,8787
142101,8128,16272,8788
142117,7970,16250,8789
142133,7785,16210,8790
142149,8006,16363,8791
142165,7751,16241,8792
142181,7725,16237,8793
142197,8111,16263,8794
142213,7757,16267,8795
142229,7877,16224,8796
142245,7952,16300,8797
142261,7845,16290,8798
142277,7983,16254,8799
142293,7916,16332,8800
142309,7912,16272,8801
142325,8000,16351,8802
142341,7986,16222,8803
142357,7864,16235,8804
142373,7939,16233,8805
142389,7853,16242,8806
142405,8056,16294,8807
142421,7903,16221,8808
142437,7905,16249,8809
142453,8016,16298,8810
142469,7763,16248,8811
142485,8030,16336,8812
142501,8104,395,8813
142517,7960,327,8814
142533,8090,366,8815
142549,8066,342,8816
142565,8067,299,8817
142581,7961,352,8818
142597,7956,345,8819
142613,7964,320,8820
142629,7818,329,8821
142645,7842,349,8822
142661,7981,342,8823
142677,7814,296,8824
142693,8032,361,8825
142709,7974,323,8826
142725,7854,306,8827
142741,8035,320,8828
142757,8064,260,8829
142773,8053,364,8830
142789,8190,416,8831
142805,8040,320,8832
142821,7892,325,8833
142837,7911,356,8834
142853,7812,278,8835
142869,7652,268,8836
142885,8046,322,8837
142901,7717,296,8838
142917,7869,325,8839
142933,8000,285,8840
142949,7935,357,8841
142965,8121,346,8842
142981,8004,353,8843
142997,7895,16280,8844
143013,8032,16287,8845
143029,7894,16273,8846
143045,7873,16270,8847
143061,7919,16221,8848
143077,7734,16312,8849
143093,7917,16265,8850
143109,7921,16264,8851
143125,7820,16260,8852
143141,7964,16263,8853
143157,7931,16359,8854
143173,7875,16315,8855
143189,8109,16376,8856
143205,8068,16263,8857
143221,7956,16253,8858
143237,8096,16239,8859
143253,7779,16240,8860
143269,7873,16233,8861
143285,8003,16308,8862
143301,7744,16240,8863
143317,8066,16303,8864
143333,7843,16307,8865
143349,7829,16276,8866
143365,7933,16272,8867
143381,7971,16322,8868
143397,7793,16260,8869
143413,8073,16266,8870
143429,7885,16236,8871
143445,8158,16334,8872
143461,8190,16332,8873
143477,7910,16302,8874
143493,7947,16301,8875
143509,8043,385,8876
143525,7961,326,8877
143541,8000,279,8878
143557,7890,372,8879
143573,7801,292,8880
143589,7910,360,8881
143605,7862,347,8882
143621,7912,271,8883
143637,7931,408,8884
143653,7982,323,8885
143669,8064,320,8886
143685,7981,383,8887
143701,8080,364,8888
143717,7947,290,8889
143733,7899,389,8890
143749,8007,327,8891
143765,7906,383,8892
143781,7711,302,8893
143797,7816,310,8894
143813,7828,320,8895
143829,8169,300,8896
143845,7991,285,8897
143861,7915,366,8898
143877,8097,347,8899
143893,8021,334,8900
143909,7857,322,8901
143925,8053,355,8902
143941,7765,330,8903
143957,7717,331,8904
143973,7933,377,8905
143989,7723,337,8906
144005,7753,16232,8907
144021,7945,16295,8908
144037,7723,16281,8909
144053,7950,16280,8910
144069,8033,16276,8911
144085,7843,16254,8912
144101,8116,16305,8913
144117,7844,16213,8914
144133,7751,16224,8915
144149,8041,16314,8916
144165,7811,16296,8917
144181,7921,16315,8918
144197,8098,16248,8919
144213,7859,16234,8920
144229,7940,16183,8921
144245,8088,16285,8922
144261,7683,16234,8923
144277,8155,16280,8924
144293,8041,16240,8925
144309,7820,16229,8926
144325,8112,16186,8927
144341,7867,16217,8928
144357,7871,16334,8929
144373,7971,16261,8930
144389,7796,16296,8931
144405,7952,16321,8932
144421,7933,16236,8933
144437,7843,16233,8934
144453,8175,16214,8935
144469,7947,16214,8936
144485,7861,16255,8937
144501,8082,339,8938
144517,7937,319,8939
144533,8047,342,8940
144549,8065,348,8941
144565,7891,354,8942
144581,8130,298,8943
144597,8152,314,8944
144613,7879,292,8945
144629,7991,383,8946
144645,7975,303,8947
144661,7979,337,8948
144677,7928,350,8949
144693,7834,321,8950
144709,7789,335,8951
144725,7840,325,8952
144741,7909,330,8953
144757,7982,321,8954
144773,7949,322,8955
144789,8083,350,8956
144805,8037,299,8957
144821,7940,364,8958
144837,8052,305,8959
144853,7879,333,8960
144869,7859,345,8961
144885,7990,315,8962
144901,7786,300,8963
144917,7839,308,8964
144933,8118,361,8965
144949,7919,369,8966
144965,8034,330,8967
144981,8126,343,8968
144997,7839,16349,8969
145013,8125,16316,8970
145029,7970,16330,8971
145045,7780,16226,8972
145061,8223,16299,8973
145077,7844,16268,8974
145093,7863,16261,8975
145109,7943,16257,8976
145125,7746,16200,8977
145141,7986,16332,8978
145157,7978,16198,8979
145173,7874,16336,8980
145189,8109,16349,8981
145205,8083,16298,8982
145221,8014,16308,8983
145237,8182,16341,8984
145253,7826,16235,8985
145269,7889,16314,8986
145285,8148,16310,8987
145301,7711,16305,8988
145317,7855,16235,8989
145333,8069,16359,8990
145349,7770,16236,8991
145365,8109,16273,8992
145381,8105,16291,8993
145397,7673,16181,8994
145413,8029,16330,8995
145429,7972,16267,8996
145445,7809,16208,8997
145461,8147,16269,8998
145477,7780,16245,8999
145493,7965,16313,9000
145509,8069,372,9001
145525,7843,365,9002
145541,7949,297,9003
145557,7944,328,9004
145573,7877,270,9005
145589,7875,288,9006
145605,7961,319,9007
145621,7968,320,9008
145637,7965,313,9009
145653,7880,326,9010
145669,8106,342,9011
145685,8040,355,9012
145701,7849,264,9013
145717,8130,347,9014
145733,7954,392,9015
145749,7948,340,9016
145765,7854,284,9017
145781,7809,359,9018
145797,7817,305,9019
145813,7923,313,9020
145829,7802,347,9021
145845,8015,312,9022
145861,7956,355,9023
145877,7919,345,9024
145893,8068,387,9025
145909,7947,282,9026
145925,7950,282,9027
145941,7969,280,9028
145957,7821,329,9029
145973,7834,325,9030
145989,7814,356,9031
146005,7851,16223,9032
146021,7916,16311,9033
146037,7706,16305,9034
146053,7950,16295,9035
146069,8089,16222,9036
146085,7743,16324,9037
146101,7989,16249,9038
146117,8133,16282,9039
146133,7834,16223,9040
146149,8222,16253,9041
146165,7959,16276,9042
146181,7764,16293,9043
146197,8129,16309,9044
146213,7711,16275,9045
146229,7827,16327,9046
146245,8000,16308,9047
146261,7525,16213,9048
146277,8000,16225,9049
146293,8165,16281,9050
146309,7750,16242,9051
146325,8186,16292,9052
146341,7929,16302,9053
146357,8053,16332,9054
146373,8193,16306,9055
146389,7812,16234,9056
146405,8006,16237,9057
146421,8060,16234,9058
146437,7847,16303,9059
146453,7962,16340,9060
146469,7906,16224,9061
146485,7729,16229,9062
146501,8114,325,9063
146517,7847,316,9064
146533,7858,324,9065
146549,8191,348,9066
146565,7794,292,9067
146581,8044,320,9068
146597,8172,364,9069
146613,7781,366,9070
146629,8098,308,9071
146645,8094,380,9072
146661,7676,273,9073
146677,8091,336,9074
146693,7937,320,9075
146709,7871,322,9076
146725,7994,338,9077
146741,8062,399,9078
146757,8025,316,9079
146773,8027,354,9080
146789,8093,350,9081
146805,7976,389,9082
146821,7897,307,9083
146837,7955,330,9084
146853,8024,384,9085
146869,7949,337,9086
146885,8056,321,9087
146901,7927,337,9088
146917,7827,333,9089
146933,7944,259,9090
146949,7798,305,9091
146965,7950,344,9092
146981,8022,327,9093
146997,7926,16344,9094
147013,8113,16339,9095
147029,8070,16269,9096
147045,8009,16314,9097
147061,7995,16238,9098
147077,7952,16288,9099
147093,7764,16338,9100
147109,8050,16372,9101
147125,7752,16232,9102
147141,7914,16252,9103
147157,7960,16225,9104
147173,7899,16228,9105
147189,7950,16283,9106
147205,8130,16347,9107
147221,7832,16215,9108
147237,8185,16256,9109
147253,8029,16305,9110
147269,7878,16208,9111
147285,8122,16326,9112
147301,7820,16227,9113
147317,7909,16309,9114
147333,8111,16285,9115
147349,7733,16215,9116
147365,7892,16252,9117
147381,8121,16241,9118
147397,7760,16352,9119
147413,8145,16273,9120
147429,7932,16311,9121
147445,7937,16340,9122
147461,8193,16289,9123
147477,7899,16311,9124
147493,7900,16356,9125
147509,8222,394,9126
147525,7761,306,9127
147541,7979,363,9128
147557,8107,331,9129
147573,7763,370,9130
147589,8012,303,9131
147605,7983,393,9132
147621,7961,293,9133
147637,8147,366,9134
147653,7917,367,9135
147669,7986,366,9136
147685,8095,364,9137
147701,7835,332,9138
147717,7996,320,9139
147733,7934,340,9140
147749,7839,299,9141
147765,8053,269,9142
147781,7818,298,9143
147797,7832,315,9144
147813,7980,299,9145
147829,7636,348,9146
147845,7757,320,9147
147861,7973,353,9148
147877,7759,315,9149
147893,7996,346,9150
147909,7882,324,9151
147925,7944,356,9152
147941,7942,325,9153
147957,7931,400,9154
147973,8029,355,9155
147989,7885,284,9156
148005,7804,16263,9157
148021,7934,16273,9158
148037,7883,16340,9159
148053,7839,16242,9160
148069,7927,16343,9161
148085,7675,16269,9162
148101,7935,16277,9163
148117,8062,16262,9164
148133,7856,16301,9165
148149,8018,16211,9166
148165,8175,16249,9167
148181,7810,16234,9168
148197,8079,16306,9169
148213,7826,16229,9170
148229,7711,16263,9171
148245,7959,16200,9172
148261,7674,16331,9173
148277,7936,16265,9174
148293,8143,16270,9175
148309,7776,16185,9176
148325,8283,16292,9177
148341,8103,16288,9178
148357,7909,16288,9179
148373,8132,16198,9180
148389,7919,16229,9181
148405,7914,16268,9182
148421,7911,16211,9183
148437,7848,16302,9184
148453,7768,16286,9185
148469,8020,16281,9186
148485,7680,16303,9187
148501,8100,346,9188
148517,7952,255,9189
148533,7783,303,9190
148549,8179,321,9191
148565,7978,380,9192
148581,7901,328,9193
148597,8234,344,9194
148613,7922,334,9195
148629,7988,316,9196
148645,8023,330,9197
148661,7819,338,9198
148677,7859,275,9199
148693,8081,345,9200
148709,7783,293,9201
148725,8110,269,9202
148741,7964,282,9203
148757,7832,358,9204
148773,8111,413,9205
148789,8034,387,9206
148805,7930,323,9207
148821,8114,326,9208
148837,7814,295,9209
148853,7962,334,9210
148869,7836,346,9211
148885,7852,312,9212
148901,7977,305,9213
148917,7666,308,9214
148933,7797,330,9215
148949,7962,324,9216
148965,7867,370,9217
148981,8016,317,9218
148997,8100,16331,9219
149013,8051,16339,9220
149029,8163,16223,9221
149045,7987,16295,9222
149061,7938,16280,9223
149077,8112,16328,9224
149093,7923,16342,9225
149109,7953,16262,9226
149125,7955,16280,9227
149141,7902,16293,9228
149157,7874,16299,9229
149173,7886,16251,9230
149189,7843,16316,9231
149205,8093,16272,9232
149221,7811,16246,9233
149237,8134,16264,9234
149253,7956,16246,9235
149269,7990,16296,9236
149285,8186,16282,9237
149301,7947,16299,9238
149317,7879,16343,9239
149333,8150,16316,9240
149349,7865,16321,9241
149365,7780,16222,9242
149381,8033,16263,9243
149397,7787,16253,9244
149413,8058,16300,9245
149429,8054,16324,9246
149445,7935,16309,9247
149461,8213,16290,9248
149477,8062,16302,9249
149493,7907,16293,9250
149509,8079,301,9251
149525,7798,285,9252
149541,7806,325,9253
149557,8119,346,9254
149573,7751,330,9255
149589,7964,354,9256
149605,8135,348,9257
149621,7830,344,9258
149637,8207,348,9259
149653,8084,300,9260
149669,7857,331,9261
149685,8266,356,9262
149701,7961,380,9263
149717,8085,390,9264
149733,8058,352,9265
149749,7847,332,9266
149765,7927,292,9267
149781,7979,255,9268
149797,7842,357,9269
149813,7906,270,9270
149829,8003,407,9271
149845,7733,288,9272
149861,8176,321,9273
149877,7883,316,9274
149893,7844,332,9275
149909,8093,366,9276
149925,7911,377,9277
149941,7946,332,9278
149957,8073,374,9279
149973,7872,312,9280
149989,7942,327,9281
150005,7984,16259,9282
150021,7807,16299,9283
150037,7953,16233,9284
150053,7833,16287,9285
150069,7803,16292,9286
150085,7998,16297,9287
150101,8041,16341,9288
150117,8090,16331,9289
150133,7825,16225,9290
150149,7926,16289,9291
150165,8044,16344,9292
150181,7858,16327,9293
150197,8034,16300,9294
150213,7994,16283,9295
150229,7704,16246,9296
150245,8004,16310,9297
150261,7829,16262,9298
150277,7806,16306,9299
150293,7956,16242,9300
150309,7930,16288,9301
150325,8027,16280,9302
150341,8022,16322,9303
150357,8024,16296,9304
150373,8127,16316,9305
150389,8168,16307,9306
150405,7895,16228,9307
150421,8129,16238,9308
150437,7982,16282,9309
150453,7821,16295,9310
150469,8024,16260,9311
150485,7797,16253,9312
150501,7905,313,9313
150517,7992,338,9314
150533,7803,347,9315
150549,8026,265,9316
150565,7926,285,9317
150581,7928,357,9318
150597,8085,305,9319
150613,7852,314,9320
150629,7892,300,9321
150645,8091,318,9322
150661,7811,347,9323
150677,7764,333,9324
150693,7970,357,9325
150709,7663,298,9326
150725,8001,359,9327
150741,8112,361,9328
150757,7796,342,9329
150773,8107,335,9330
150789,7922,262,9331
150805,7672,291,9332
150821,7993,371,9333
150837,7887,358,9334
150853,7934,353,9335
150869,8023,328,9336
150885,7886,318,9337
150901,7995,386,9338
150917,8087,402,9339
150933,7835,356,9340
150949,8087,358,9341
150965,7841,303,9342
150981,7893,342,9343
150997,8158,16256,9344
151013,7957,16239,9345
151029,8000,16246,9346
151045,8110,16277,9347
151061,7865,16277,9348
151077,8116,16279,9349
151093,7983,16258,9350
151109,7897,16302,9351
151125,8024,16292,9352
151141,8045,16313,9353
151157,7910,16260,9354
151173,8120,16355,9355
151189,7939,16242,9356
151205,7776,16277,9357
151221,8034,16302,9358
151237,7969,16301,9359
151253,7952,16260,9360
151269,7982,16326,9361
151285,8018,16270,9362
151301,8019,16279,9363
151317,7944,16316,9364
151333,8132,16237,9365
151349,7849,16280,9366
151365,7930,16333,9367
151381,8054,16333,9368
151397,7920,16228,9369
151413,7993,16276,9370
151429,8216,16233,9371
151445,7881,16262,9372
151461,8211,16281,9373
151477,8085,16267,9374
151493,7827,16250,9375
151509,8105,283,9376
151525,7984,337,9377
151541,7948,311,9378
151557,8031,388,9379
151573,7878,293,9380
151589,7974,344,9381
151605,8080,325,9382
151621,7754,309,9383
151637,8006,324,9384
151653,7987,244,9385
151669,8039,331,9386
151685,8245,317,9387
151701,8070,323,9388
151717,8003,326,9389
151733,8260,377,9390
151749,7897,348,9391
151765,7818,295,9392
151781,8014,321,9393
151797,7682,305,9394
151813,7860,284,9395
151829,8023,346,9396
151845,7820,352,9397
151861,8245,389,9398
151877,7908,305,9399
151893,7940,337,9400
151909,8102,290,9401
151925,8099,377,9402
151941,7907,280,9403
151957,8082,313,9404
151973,7791,370,9405
151989,7847,308,9406
152005,8055,16304,9407
152021,7747,16273,9408
152037,7965,16257,9409
152053,7941,16311,9410
152069,7843,16272,9411
152085,8014,16208,9412
152101,7906,16294,9413
152117,7999,16240,9414
152133,8020,16296,9415
152149,7922,16234,9416
152165,8050,16231,9417
152181,8012,16266,9418
152197,7915,16311,9419
152213,8093,16298,9420
152229,7884,16222,9421
152245,7952,16274,9422
152261,7980,16269,9423
152277,7841,16222,9424
152293,7966,16237,9425
152309,7979,16346,9426
152325,7820,16275,9427
152341,7989,16284,9428
152357,8005,16307,9429
152373,7951,16343,9430
152389,8065,16322,9431
152405,8112,16287,9432
152421,8080,16308,9433
152437,8009,16270,9434
152453,7938,16320,9435
152469,7980,16285,9436
152485,7911,16255,9437
152501,7776,359,9438
152517,7924,316,9439
152533,7832,336,9440
152549,8002,352,9441
152565,7952,317,9442
152581,7843,314,9443
152597,8063,323,9444
152613,8059,332,9445
152629,8025,330,9446
152645,8125,364,9447
152661,7877,369,9448
152677,7882,386,9449
152693,8042,276,9450
152709,7746,337,9451
152725,7825,344,9452
152741,7947,278,9453
152757,7911,347,9454
152773,8018,279,9455
152789,8065,334,9456
152805,7850,295,9457
152821,8176,351,9458
152837,7870,287,9459
152853,7783,327,9460
152869,7864,283,9461
152885,7894,339,9462
152901,7872,310,9463
152917,7930,296,9464
152933,7868,317,9465
152949,7932,313,9466
152965,7932,302,9467
152981,7989,294,9468
152997,8121,16304,9469
153013,7931,16319,9470
153029,7910,16316,9471
153045,8048,16297,9472
153061,7899,16289,9473
153077,7963,16326,9474
153093,8121,16263,9475
153109,7927,16252,9476
153125,7903,16283,9477
153141,8136,16312,9478
153157,7763,16241,9479
153173,7969,16194,9480
153189,8075,16256,9481
153205,7820,16314,9482
153221,7785,16227,9483
153237,8013,16248,9484
153253,7886,16249,9485
153269,7980,16281,9486
153285,7966,16328,9487
153301,7889,16215,9488
153317,7942,16286,9489
153333,7997,16242,9490
153349,7972,16215,9491
153365,8017,16279,9492
153381,8009,16306,9493
153397,7998,16359,9494
153413,7889,16381,9495
153429,8032,16241,9496
153445,7894,16301,9497
153461,7911,16238,9498
153477,7980,16270,9499
153493,7948,16296,9500
153509,8031,325,9501
153525,8098,372,9502
153541,8011,366,9503
153557,7927,277,9504
153573,8080,337,9505
153589,7887,280,9506
153605,7930,290,9507
153621,7936,317,9508
153637,7847,314,9509
153653,8029,360,9510
153669,7847,332,9511
153685,8096,351,9512
153701,8135,373,9513
153717,8015,338,9514
153733,8037,301,9515
153749,8105,300,9516
153765,8050,347,9517
153781,8063,280,9518
153797,7895,316,9519
153813,7866,315,9520
153829,8065,333,9521
153845,7766,288,9522
153861,7987,298,9523
153877,7909,316,9524
153893,7868,383,9525
153909,8119,365,9526
153925,8003,336,9527
153941,7883,352,9528
153957,8193,332,9529
153973,7914,366,9530
153989,7824,362,9531
154005,8156,16318,9532
154021,7819,16213,9533
154037,7759,16229,9534
154053,7907,16282,9535
154069,7844,16308,9536
154085,8069,16238,9537
154101,7997,16247,9538
154117,7909,16237,9539
154133,8067,16292,9540
154149,8039,16323,9541
154165,7924,16268,9542
154181,8112,16297,9543
154197,7917,16318,9544
154213,8079,16285,9545
154229,7938,16302,9546
154245,7913,16285,9547
154261,7798,16270,9548
154277,7847,16284,9549
154293,7811,16245,9550
154309,8008,16294,9551
154325,7821,16318,9552
154341,7955,16235,9553
154357,8040,16299,9554
154373,8116,16303,9555
154389,8132,16258,9556
154405,8085,16181,9557
154421,8032,16245,9558
154437,7858,16261,9559
154453,7971,16254,9560
154469,7925,16320,9561
154485,8037,16235,9562
154501,8036,333,9563
154517,7828,306,9564
154533,7844,300,9565
154549,7984,335,9566
154565,8069,370,9567
154581,7911,414,9568
154597,8187,302,9569
154613,8046,347,9570
154629,8029,307,9571
154645,8163,309,9572
154661,8099,346,9573
154677,7961,377,9574
154693,8071,349,9575
154709,7867,347,9576
154725,7911,372,9577
154741,7885,346,9578
154757,7717,327,9579
154773,7951,339,9580
154789,7949,250,9581
154805,7807,287,9582
154821,8128,352,9583
154837,8140,331,9584
154853,8057,361,9585
154869,8161,322,9586
154885,7917,367,9587
154901,7910,383,9588
154917,8041,363,9589
154933,7841,346,9590
154949,7850,285,9591
154965,7952,321,9592
154981,7743,248,9593
154997,8119,16302,9594
155013,8068,16311,9595
155029,7862,16269,9596
155045,8122,16292,9597
155061,7977,16322,9598
155077,8048,16370,9599
155093,8114,16200,9600
155109,8018,16343,9601
155125,7954,16224,9602
155141,8048,16284,9603
155157,7801,16252,9604
155173,7961,16315,9605
155189,7784,16223,9606
155205,7813,16350,9607
155221,7982,16327,9608
155237,7911,16233,9609
155253,7957,16314,9610
155269,8122,16224,9611
155285,8130,16288,9612
155301,8019,16288,9613
155317,8061,16285,9614
155333,7968,16214,9615
155349,7923,16228,9616
155365,7961,16187,9617
155381,7878,16210,9618
155397,7889,16163,9619
155413,7945,16262,9620
155429,7818,16172,9621
155445,7929,16239,9622
155461,7877,16248,9623
155477,8112,16218,9624
155493,8029,16286,9625
155509,8051,272,9626
155525,8107,348,9627
155541,8157,405,9628
155557,8161,355,9629
155573,8031,308,9630
155589,8051,336,9631
155605,8023,348,9632
155621,7905,309,9633
155637,7990,370,9634
155653,7924,311,9635
155669,7850,286,9636
155685,7945,335,9637
155701,7972,336,9638
155717,7882,305,9639
155733,8213,384,9640
155749,8134,381,9641
155765,7980,300,9642
155781,8094,318,9643
155797,7970,361,9644
155813,7738,313,9645
155829,7995,315,9646
155845,7854,338,9647
155861,7839,277,9648
155877,8053,356,9649
155893,7718,305,9650
155909,8104,327,9651
155925,8093,342,9652
155941,7840,293,9653
155957,8169,355,9654
155973,8005,302,9655
155989,7898,330,9656
156005,8094,16298,9657
156021,7774,16242,9658
156037,7883,16223,9659
156053,8075,16282,9660
156069,7587,16269,9661
156085,7927,16315,9662
156101,8020,16268,9663
156117,7770,16258,9664
156133,8079,16230,9665
156149,8088,16318,9666
156165,7932,16321,9667
156181,8262,16271,9668
156197,7851,16289,9669
156213,8023,16291,9670
156229,8148,16257,9671
156245,7812,16289,9672
156261,7949,16248,9673
156277,8015,16304,9674
156293,7775,16194,9675
156309,8072,16296,9676
156325,8023,16287,9677
156341,7924,16267,9678
156357,8073,16278,9679
156373,7985,16256,9680
156389,7969,16280,9681
156405,8188,16302,9682
156421,7920,16268,9683
156437,8084,16326,9684
156453,8164,16351,9685
156469,7877,16289,9686
156485,7944,16303,9687
156501,7911,301,9688
156517,7937,309,9689
156533,8097,351,9690
156549,7964,366,9691
156565,7908,344,9692
156581,7876,311,9693
156597,8010,371,9694
156613,7961,343,9695
156629,7875,358,9696
156645,7932,308,9697
156661,8070,381,9698
156677,8015,367,9699
156693,8067,299,9700
156709,7982,296,9701
156725,7855,308,9702
156741,8080,348,9703
156757,7768,304,9704
156773,7850,319,9705
156789,7929,325,9706
156805,7810,279,9707
156821,7942,305,9708
156837,8225,354,9709
156853,7858,368,9710
156869,7995,314,9711
156885,7988,288,9712
156901,7893,299,9713
156917,7889,284,9714
156933,7903,362,9715
156949,7795,352,9716
156965,7968,325,9717
156981,7787,344,9718
156997,7912,16276,9719
157013,8037,16224,9720
157029,7789,16326,9721
157045,8112,16280,9722
157061,8074,16308,9723
157077,7911,16283,9724
157093,8052,16238,9725
157109,7884,16257,9726
157125,7957,16302,9727
157141,8134,16239,9728
157157,7720,16261,9729
157173,7825,16267,9730
157189,7996,16284,9731
157205,7769,16291,9732
157221,8070,16244,9733
157237,8100,16308,9734
157253,7930,16364,9735
157269,8117,16262,9736
157285,7928,16232,9737
157301,7936,16265,9738
157317,8224,16317,9739
157333,7950,16248,9740
157349,8013,16307,9741
157365,8052,16229,9742
157381,7914,16322,9743
157397,8068,16244,9744
157413,7924,16283,9745
157429,7973,16224,9746
157445,8133,16285,9747
157461,7852,16256,9748
157477,7938,16316,9749
157493,8203,16278,9750
157509,7785,292,9751
157525,8216,304,9752
157541,8128,347,9753
157557,7972,352,9754
157573,8125,301,9755
157589,7960,312,9756
157605,7883,274,9757
157621,8097,281,9758
157637,7909,342,9759
157653,7934,318,9760
157669,8039,317,9761
157685,7871,355,9762
157701,7993,327,9763
157717,7922,313,9764
157733,8107,379,9765
157749,8106,273,9766
157765,8059,358,9767
157781,8103,356,9768
157797,8039,308,9769
157813,7905,341,9770
157829,8018,301,9771
157845,7808,326,9772
157861,7841,335,9773
157877,7955,290,9774
157893,7860,343,9775
157909,7830,292,9776
157925,8051,320,9777
157941,7775,318,9778
157957,8076,349,9779
157973,8136,353,9780
157989,7920,327,9781
158005,8280,16254,9782
158021,7992,16327,9783
158037,7712,16217,9784
158053,7978,16192,9785
158069,7886,16295,9786
158085,7786,16240,9787
158101,7969,16285,9788
158117,7638,16232,9789
158133,8097,16321,9790
158149,8094,16310,9791
158165,7961,16308,9792
158181,8156,16212,9793
158197,8092,16360,9794
158213,8134,16310,9795
158229,8248,16316,9796
158245,7924,16342,9797
158261,7950,16232,9798
158277,8068,16235,9799
158293,7823,16322,9800
158309,7952,16180,9801
158325,7950,16248,9802
158341,7753,16276,9803
158357,8222,16260,9804
158373,7972,16283,9805
158389,7914,16270,9806
158405,8314,16307,9807
158421,7992,16318,9808
158437,7932,16251,9809
158453,8213,16248,9810
158469,7729,16233,9811
158485,7950,16255,9812
158501,8087,333,9813
158517,7729,299,9814
158533,8038,304,9815
158549,7910,333,9816
158565,7942,315,9817
158581,8130,330,9818
158597,7985,352,9819
158613,7848,308,9820
158629,7969,376,9821
158645,7900,301,9822
158661,7947,290,9823
158677,7955,349,9824
158693,7990,329,9825
158709,8126,325,9826
158725,7842,326,9827
158741,7947,299,9828
158757,8095,346,9829
158773,7807,330,9830
158789,7942,311,9831
158805,7974,379,9832
158821,7816,349,9833
158837,8052,343,9834
158853,7873,333,9835
158869,7968,332,9836
158885,8107,366,9837
158901,8003,352,9838
158917,8128,361,9839
158933,7997,283,9840
158949,7917,378,9841
158965,7904,230,9842
158981,7856,384,9843
158997,7846,16241,9844
159013,7894,16280,9845
159029,7865,16260,9846
159045,8073,16229,9847
159061,8061,16335,9848
159077,7845,16198,9849
159093,8088,16244,9850
159109,7975,16266,9851
159125,7885,16288,9852
159141,8116,16223,9853
159157,7660,16272,9854
159173,7818,16309,9855
159189,8091,16235,9856
159205,7728,16224,9857
159221,7978,16216,9858
159237,8008,16246,9859
159253,7830,16262,9860
159269,8067,16231,9861
159285,8096,16269,9862
159301,7874,16288,9863
159317,8147,16262,9864
159333,8013,16297,9865
159349,7824,16285,9866
159365,8139,16303,9867
159381,7819,16294,9868
159397,8029,16281,9869
159413,7971,16335,9870
159429,7795,16212,9871
159445,8063,16286,9872
159461,8056,16252,9873
159477,7919,16255,9874
159493,8208,16290,9875
159509,7982,332,9876
159525,7982,348,9877
159541,8085,356,9878
159557,7770,316,9879
159573,8097,383,9880
159589,8105,414,9881
159605,7780,280,9882
159621,8140,355,9883
159637,8019,339,9884
159653,7749,314,9885
159669,8110,370,9886
159685,7914,313,9887
159701,7794,298,9888
159717,8055,389,9889
159733,7853,331,9890
159749,7909,326,9891
159765,8011,317,9892
159781,7906,361,9893
159797,8114,327,9894
159813,7969,321,9895
159829,8010,337,9896
159845,7962,278,9897
159861,7934,285,9898
159877,7991,332,9899
159893,7884,322,9900
159909,7840,298,9901
159925,7941,333,9902
159941,7982,378,9903
159957,7855,277,9904
159973,8041,281,9905
159989,7973,412,9906
160005,8161,16324,9907
160021,8077,16306,9908
160037,7999,16292,9909
160053,8045,16237,9910
160069,7959,16226,9911
160085,7968,16363,9912
160101,7952,16295,9913
160117,7935,16295,9914
160133,8011,16317,9915
160149,7982,16303,9916
160165,7791,16231,9917
160181,8012,16207,9918
160197,8097,16280,9919
160213,8114,16332,9920
160229,8204,16261,9921
160245,8025,16244,9922
160261,7927,16261,9923
160277,8183,16248,9924
160293,7843,16355,9925
160309,7988,16268,9926
160325,7989,16227,9927
160341,7729,16203,9928
160357,8085,16305,9929
160373,8119,16246,9930
160389,8014,16281,9931
160405,8349,16203,9932
160421,8022,16240,9933
160437,7944,16319,9934
160453,8377,16317,9935
160469,7860,16325,9936
160485,7997,16313,9937
160501,8266,381,9938
160517,7686,308,9939
160533,7960,327,9940
160549,8004,297,9941
160565,7705,378,9942
160581,8166,369,9943
160597,8101,344,9944
160613,7796,307,9945
160629,8198,311,9946
160645,8027,377,9947
160661,8031,359,9948
160677,8051,300,9949
160693,7892,349,9950
160709,8109,391,9951
160725,7991,364,9952
160741,7834,322,9953
160757,7960,304,9954
160773,7801,310,9955
160789,7813,312,9956
160805,7993,309,9957
160821,7905,298,9958
160837,7968,290,9959
160853,8210,389,9960
160869,7903,393,9961
160885,8090,260,9962
160901,8159,390,9963
160917,7847,315,9964
160933,8098,371,9965
160949,7919,324,9966
160965,7921,355,9967
160981,7899,308,9968
160997,7951,16231,9969
161013,7881,16256,9970
161029,7928,16333,9971
161045,8060,16246,9972
161061,8060,16337,9973
161077,8100,16239,9974
161093,8126,16226,9975
161109,8127,16330,9976
161125,8076,16226,9977
161141,8061,16309,9978
161157,7987,16181,9979
161173,7792,16339,9980
161189,8005,16308,9981
161205,7745,16288,9982
161221,7806,16272,9983
161237,7883,16355,9984
161253,7762,16349,9985
161269,7936,16219,9986
161285,7979,16234,9987
161301,7917,16291,9988
161317,8051,16303,9989
161333,8054,16214,9990
161349,7972,16282,9991
161365,8172,16268,9992
161381,8064,16327,9993
161397,8004,16344,9994
161413,8038,16231,9995
161429,7797,16241,9996
161445,7970,16285,9997
161461,7909,16260,9998
161477,7748,16207,9999
161493,7941,16251,10000
161509,8103,321,10001
161525,7961,366,10002
161541,8143,301,10003
161557,8099,322,10004
161573,8020,316,10005
161589,8108,355,10006
161605,7833,300,10007
161621,8141,316,10008
161637,8010,308,10009
161653,7810,321,10010
161669,7816,280,10011
161685,7899,327,10012
161701,7870,337,10013
161717,8257,336,10014
161733,8085,355,10015
161749,7797,335,10016
161765,8085,322,10017
161781,7989,369,10018
161797,8101,377,10019
161813,7947,304,10020
161829,7630,326,10021
161845,7979,361,10022
161861,7955,311,10023
161877,7932,304,10024
161893,8079,314,10025
161909,7924,384,10026
161925,7901,328,10027
161941,8090,332,10028
161957,7884,262,10029
161973,8052,337,10030
161989,7981,317,10031
162005,8006,16365,10032
162021,8059,16204,10033
162037,8084,16276,10034
162053,7924,16240,10035
162069,8094,16308,10036
162085,7892,16289,10037
162101,8067,16324,10038
162117,8005,16256,10039
162133,7847,16284,10040
162149,8029,16289,10041
162165,7954,16238,10042
162181,8088,16335,10043
162197,7948,16295,10044
162213,7964,16251,10045
162229,8101,16299,10046
162245,8094,16274,10047
162261,8045,16364,10048
162277,8020,16217,10049
162293,8032,16182,10050
162309,7868,16198,10051
162325,8050,16221,10052
162341,8057,16297,10053
162357,7969,16218,10054
162373,7979,16265,10055
162389,7877,16312,10056
162405,8114,16275,10057
162421,8158,16330,10058
162437,7910,16281,10059
162453,8158,16243,10060
162469,8117,16316,10061
162485,8001,16374,10062
162501,8243,302,10063
162517,7862,279,10064
162533,8090,373,10065
162549,8097,280,10066
162565,7919,339,10067
162581,8099,358,10068
162597,8190,362,10069
162613,7940,337,10070
162629,8180,277,10071
162645,8113,293,10072
162661,7987,346,10073
162677,8194,345,10074
162693,7979,385,10075
162709,8096,317,10076
162725,8117,333,10077
162741,7957,353,10078
162757,7964,323,10079
162773,8073,321,10080
162789,7850,315,10081
162805,8108,290,10082
162821,8014,335,10083
162837,7997,311,10084
162853,8073,332,10085
162869,7977,318,10086
162885,8074,314,10087
162901,7994,308,10088
162917,7955,346,10089
162933,8042,266,10090
162949,8040,288,10091
162965,7879,279,10092
162981,7979,320,10093
162997,8001,16342,10094
163013,7925,16297,10095
163029,8004,16272,10096
163045,8052,16336,10097
163061,7796,16198,10098
163077,7915,16259,10099
163093,7951,16235,10100
163109,8105,16262,10101
163125,8012,16271,10102
163141,7966,16228,10103
163157,8047,16327,10104
163173,8033,16307,10105
163189,7996,16251,10106
163205,8080,16308,10107
163221,7844,16278,10108
163237,7976,16298,10109
163253,7880,16262,10110
163269,7963,16320,10111
163285,8088,16345,10112
163301,7970,16339,10113
163317,8050,16331,10114
163333,8029,16224,10115
163349,8053,16333,10116
163365,8147,16254,10117
163381,8100,16267,10118
163397,7990,16265,10119
163413,8105,16291,10120
163429,7914,16282,10121
163445,7975,16302,10122
163461,7992,16217,10123
163477,7904,16282,10124
163493,8011,16249,10125
163509,7960,321,10126
163525,7916,347,10127
163541,8192,319,10128
163557,8094,279,10129
163573,8044,373,10130
163589,8218,296,10131
163605,7896,381,10132
163621,8006,323,10133
163637,8082,376,10134
163653,7766,373,10135
163669,7866,289,10136
163685,7868,293,10137
163701,7769,328,10138
163717,7988,267,10139
163733,8062,310,10140
163749,7868,313,10141
163765,8240,370,10142
163781,7932,306,10143
163797,7843,246,10144
163813,8099,337,10145
163829,7881,281,10146
163845,8005,337,10147
163861,8039,294,10148
163877,7816,325,10149
163893,7896,288,10150
163909,8065,350,10151
163925,7797,317,10152
163941,8129,315,10153
163957,7858,296,10154
163973,7949,310,10155
163989,8182,323,10156
164005,8008,16265,10157
164021,8073,16326,10158
164037,8070,16237,10159
164053,7893,16262,10160
164069,7994,16239,10161
164085,7918,16245,10162
164101,7892,16280,10163
164117,8044,16317,10164
164133,7824,16302,10165
164149,7896,16168,10166
164165,8005,16313,10167
164181,7928,16278,10168
164197,7900,16271,10169
164213,8032,16251,10170
164229,8015,16307,10171
164245,8075,16258,10172
164261,8158,16341,10173
164277,8008,16296,10174
164293,8135,16314,10175
164309,8042,16272,10176
164325,8112,16302,10177
164341,7885,16234,10178
164357,7984,16230,10179
164373,8013,16239,10180
164389,7909,16274,10181
164405,8083,16228,10182
164421,8025,16263,10183
164437,7900,16265,10184
164453,8064,16325,10185
164469,8197,16338,10186
164485,8100,16304,10187
164501,8246,337,10188
164517,7982,374,10189
164533,7864,320,10190
164549,8202,354,10191
164565,7814,302,10192
164581,7927,295,10193
164597,8010,299,10194
164613,7827,300,10195
164629,8092,321,10196
164645,8057,276,10197
164661,7877,332,10198
164677,8092,270,10199
164693,7962,305,10200
164709,8058,339,10201
164725,8026,280,10202
164741,7918,295,10203
164757,8000,282,10204
164773,8044,323,10205
164789,7912,318,10206
164805,8009,243,10207
164821,7950,293,10208
164837,7881,318,10209
164853,8198,352,10210
164869,7858,349,10211
164885,7871,268,10212
164901,8303,365,10213
164917,7942,339,10214
164933,8107,348,10215
164949,8209,346,10216
164965,7871,318,10217
164981,8042,330,10218
164997,8090,16258,10219
165013,7876,16301,10220
165029,8108,16250,10221
165045,8148,16301,10222
165061,7722,16230,10223
165077,8084,16323,10224
165093,8069,16271,10225
165109,7924,16260,10226
165125,7964,16226,10227
165141,7836,16245,10228
165157,7894,16265,10229
165173,7983,16246,10230
165189,7922,16324,10231
165205,8099,16297,10232
165221,8042,16335,10233
165237,7985,16290,10234
165253,8226,16294,10235
165269,7872,16263,10236
165285,7928,16235,10237
165301,7975,16326,10238
165317,7939,16245,10239
165333,7897,16211,10240
165349,8002,16244,10241
165365,7871,16204,10242
165381,8129,16300,10243
165397,7989,16258,10244
165413,8071,16270,10245
165429,8017,16305,10246
165445,7948,16226,10247
165461,8036,16332,10248
165477,8068,16323,10249
165493,7925,16294,10250
165509,7949,361,10251
165525,7949,356,10252
165541,8083,319,10253
165557,7908,297,10254
165573,7932,320,10255
165589,8132,344,10256
165605,7965,280,10257
165621,8082,394,10258
165637,8083,347,10259
165653,7795,268,10260
165669,7934,298,10261
165685,8198,294,10262
165701,7842,375,10263
165717,7961,323,10264
165733,8013,279,10265
165749,7906,388,10266
165765,8184,334,10267
165781,8019,357,10268
165797,7880,293,10269
165813,8291,331,10270
165829,7718,357,10271
165845,7964,391,10272
165861,8138,324,10273
165877,7828,348,10274
165893,7917,325,10275
165909,7997,331,10276
165925,7830,321,10277
165941,8030,292,10278
165957,8092,301,10279
165973,7907,320,10280
165989,8154,345,10281
166005,7931,16330,10282
166021,8036,16242,10283
166037,8187,16286,10284
166053,7853,16266,10285
166069,8171,16267,10286
166085,8118,16330,10287
166101,7918,16298,10288
166117,8108,16175,10289
166133,7908,16234,10290
166149,7913,16243,10291
166165,8222,16305,10292
166181,7983,16296,10293
166197,8042,16333,10294
166213,8203,16303,10295
166229,8011,16312,10296
166245,8175,16296,10297
166261,8070,16337,10298
166277,7959,16283,10299
166293,8188,16316,10300
166309,8095,16288,10301
166325,7993,16253,10302
166341,8066,16314,10303
166357,7974,16261,10304
166373,8059,16256,10305
166389,7953,16244,10306
166405,7868,16272,10307
166421,8126,16344,10308
166437,7987,16236,10309
166453,8023,16316,10310
166469,8197,16269,10311
166485,7996,16255,10312
166501,8142,319,10313
166517,8172,314,10314
166533,8081,325,10315
166549,8171,374,10316
166565,8099,386,10317
166581,7893,322,10318
166597,7990,308,10319
166613,7929,321,10320
166629,7989,300,10321
166645,7932,299,10322
166661,8069,355,10323
166677,8166,292,10324
166693,8108,318,10325
166709,8106,328,10326
166725,8228,324,10327
166741,7983,322,10328
166757,8051,348,10329
166773,8155,382,10330
166789,7899,307,10331
166805,7836,318,10332
166821,7946,361,10333
166837,7793,313,10334
166853,8102,373,10335
166869,7931,335,10336
166885,8053,362,10337
166901,8247,337,10338
166917,8062,338,10339
166933,8049,358,10340
166949,8289,327,10341
166965,7741,306,10342
166981,8011,297,10343
166997,8220,16342,10344
167013,7729,16280,10345
167029,7944,16260,10346
167045,7900,16314,10347
167061,7672,16247,10348
167077,8003,16240,10349
167093,7950,16281,10350
167109,7869,16256,10351
167125,8150,16262,10352
167141,7999,16230,10353
167157,8058,16303,10354
167173,8133,16258,10355
167189,7819,16231,10356
167205,7983,16326,10357
167221,8022,16307,10358
167237,7853,16290,10359
167253,7962,16254,10360
167269,7787,16263,10361
167285,7901,16283,10362
167301,8040,16286,10363
167317,7966,16335,10364
167333,8027,16273,10365
167349,8122,16339,10366
167365,8076,16305,10367
167381,8154,16312,10368
167397,8121,16288,10369
167413,8052,16235,10370
167429,8177,16282,10371
167445,8098,16329,10372
167461,7899,16256,10373
167477,7898,16232,10374
167493,7951,16218,10375
167509,7912,352,10376
167525,7714,343,10377
167541,7960,327,10378
167557,8116,304,10379
167573,8026,319,10380
167589,8091,335,10381
167605,8122,335,10382
167621,8044,313,10383
167637,8101,310,10384
167653,8002,320,10385
167669,7976,341,10386
167685,8144,342,10387
167701,7678,350,10388
167717,7840,326,10389
167733,8018,394,10390
167749,7742,363,10391
167765,8139,347,10392
167781,7968,315,10393
167797,7837,349,10394
167813,8189,348,10395
167829,8115,350,10396
167845,8108,380,10397
167861,8143,286,10398
167877,7799,270,10399
167893,8046,373,10400
167909,8079,337,10401
167925,7897,333,10402
167941,8008,358,10403
167957,7946,306,10404
167973,7839,321,10405
167989,8025,348,10406
168005,7991,16262,10407
168021,7906,16302,10408
168037,8087,16266,10409
168053,8067,16319,10410
168069,7979,16222,10411
168085,8144,16261,10412
168101,7746,16259,10413
168117,7861,16188,10414
168133,7936,16271,10415
168149,7800,16222,10416
168165,8144,16315,10417
168181,7889,16217,10418
168197,7890,16285,10419
168213,8158,16219,10420
168229,8002,16268,10421
168245,7972,16321,10422
168261,8125,16233,10423
168277,7799,16280,10424
168293,7932,16214,10425
168309,8149,16260,10426
168325,7872,16319,10427
168341,8147,16329,10428
168357,8001,16230,10429
168373,7837,16331,10430
168389,7928,16224,10431
168405,8068,16304,10432
168421,7926,16253,10433
168437,7991,16322,10434
168453,8007,16258,10435
168469,8008,16225,10436
168485,8047,16313,10437
168501,7870,322,10438
168517,8112,355,10439
168533,8119,330,10440
168549,7990,319,10441
168565,8143,333,10442
168581,7960,290,10443
168597,7990,303,10444
168613,8125,390,10445
168629,8028,297,10446
168645,7970,308,10447
168661,7888,349,10448
168677,8015,349,10449
168693,7941,330,10450
168709,7975,306,10451
168725,8182,315,10452
168741,8103,352,10453
168757,7928,329,10454
168773,8115,359,10455
168789,8012,395,10456
168805,8068,387,10457
168821,8029,287,10458
168837,7939,376,10459
168853,7952,327,10460
168869,8088,376,10461
168885,7858,351,10462
168901,8208,338,10463
168917,7983,336,10464
168933,7911,303,10465
168949,8100,311,10466
168965,7950,341,10467
168981,7935,304,10468
168997,8073,16279,10469
169013,7856,16329,10470
169029,7970,16238,10471
169045,8073,16315,10472
169061,7727,16273,10473
169077,8029,16260,10474
169093,8053,16251,10475
169109,7865,16298,10476
169125,8112,16267,10477
169141,8011,16271,10478
169157,8056,16323,10479
169173,8163,16297,10480
169189,7830,16258,10481
169205,8075,16303,10482
169221,8152,16210,10483
169237,7820,16222,10484
169253,7975,16339,10485
169269,7942,16260,10486
169285,7918,16343,10487
169301,8205,16346,10488
169317,7972,16340,10489
169333,7960,16287,10490
169349,8102,16260,10491
169365,7814,16322,10492
169381,8066,16345,10493
169397,8084,16269,10494
169413,7911,16260,10495
169429,8001,16296,10496
169445,8117,16328,10497
169461,7854,16313,10498
169477,7951,16202,10499
169493,7840,16213,10500
169509,7907,373,10501
169525,8118,294,10502
169541,7948,278,10503
169557,8013,290,10504
169573,8065,293,10505
169589,7920,357,10506
169605,8085,321,10507
169621,7927,315,10508
169637,7864,293,10509
169653,7983,304,10510
169669,7837,319,10511
169685,7942,259,10512
169701,8025,358,10513
169717,7883,313,10514
169733,7931,305,10515
169749,7777,351,10516
169765,7898,322,10517
169781,7896,299,10518
169797,8010,327,10519
169813,8118,399,10520
169829,8023,322,10521
169845,7742,354,10522
169861,8146,273,10523
169877,8025,340,10524
169893,7962,355,10525
169909,8035,290,10526
169925,7977,338,10527
169941,7976,373,10528
169957,7979,365,10529
169973,7645,335,10530
169989,7974,352,10531
170005,7996,16308,10532
170021,7867,16244,10533
170037,8179,16240,10534
170053,8109,16227,10535
170069,7934,16201,10536
170085,8220,16184,10537
170101,7955,16280,10538
170117,7895,16284,10539
170133,8037,16306,10540
170149,7672,16278,10541
170165,7909,16270,10542
170181,8102,16354,10543
170197,7831,16338,10544
170213,8220,16215,10545
170229,8056,16266,10546
170245,7864,16280,10547
170261,8303,16351,10548
170277,7876,16234,10549
170293,7922,16260,10550
170309,8172,16277,10551
170325,7854,16324,10552
170341,7950,16230,10553
170357,8174,16268,10554
170373,7835,16291,10555
170389,8032,16277,10556
170405,7870,16276,10557
170421,7796,16275,10558
170437,8156,16250,10559
170453,7896,16202,10560
170469,8071,16323,10561
170485,8130,16282,10562
170501,8002,393,10563
170517,8193,345,10564
170533,8095,392,10565
170549,7760,328,10566
170565,8074,316,10567
170581,8033,355,10568
170597,7884,281,10569
170613,8167,298,10570
170629,7942,327,10571
170645,7995,356,10572
170661,8139,337,10573
170677,7827,320,10574
170693,8061,336,10575
170709,8002,323,10576
170725,8016,406,10577
170741,8141,372,10578
170757,7999,347,10579
170773,7991,266,10580
170789,8149,310,10581
170805,7986,310,10582
170821,7994,349,10583
170837,8046,286,10584
170853,7988,281,10585
170869,8100,342,10586
170885,7853,313,10587
170901,7881,306,10588
170917,8140,381,10589
170933,7999,353,10590
170949,8109,310,10591
170965,8121,335,10592
170981,7897,296,10593
170997,8139,16263,10594
171013,7872,16289,10595
171029,7846,16203,10596
171045,8063,16199,10597
171061,7737,16255,10598
171077,7928,16266,10599
171093,7874,16236,10600
171109,7841,16255,10601
171125,8072,16194,10602
171141,8011,16294,10603
171157,7928,16268,10604
171173,8242,16352,10605
171189,8044,16234,10606
171205,8047,16262,10607
171221,8170,16221,10608
171237,7892,16278,10609
171253,7964,16266,10610
171269,7989,16345,10611
171285,7681,16236,10612
171301,7983,16283,10613
171317,8036,16251,10614
171333,7820,16241,10615
171349,8224,16231,10616
171365,7928,16261,10617
171381,7943,16290,10618
171397,8189,16276,10619
171413,7937,16360,10620
171429,8070,16238,10621
171445,8169,16327,10622
171461,7801,16227,10623
171477,8016,16213,10624
171493,8006,16261,10625
171509,7837,289,10626
171525,8015,288,10627
171541,8039,356,10628
171557,7866,290,10629
171573,8164,320,10630
171589,7964,279,10631
171605,8082,274,10632
171621,8096,330,10633
171637,7857,275,10634
171653,7952,286,10635
171669,8043,388,10636
171685,8082,286,10637
171701,8003,327,10638
171717,7854,349,10639
171733,7886,301,10640
171749,7995,334,10641
171765,7798,293,10642
171781,7924,277,10643
171797,8008,367,10644
171813,7896,377,10645
171829,7979,315,10646
171845,7816,346,10647
171861,8002,310,10648
171877,8051,313,10649
171893,8002,393,10650
171909,8069,348,10651
171925,8007,355,10652
171941,7966,311,10653
171957,7966,299,10654
171973,8011,350,10655
171989,7890,313,10656
172005,8024,16265,10657
172021,7786,16294,10658
172037,7867,16270,10659
172053,8066,16290,10660
172069,7981,16243,10661
172085,7929,16215,10662
172101,8110,16322,10663
172117,8021,16259,10664
172133,8061,16319,10665
172149,7845,16242,10666
172165,7968,16187,10667
172181,8069,16262,10668
172197,7735,16356,10669
172213,7996,16251,10670
172229,8016,16259,10671
172245,7865,16208,10672
172261,8114,16270,10673
172277,8001,16239,10674
172293,8068,16236,10675
172309,8340,16284,10676
172325,7947,16199,10677
172341,7984,16232,10678
172357,8047,16284,10679
172373,7874,16289,10680
172389,7999,16223,10681
172405,8036,16303,10682
172421,7732,16232,10683
172437,8035,16293,10684
172453,8079,16275,10685
172469,8012,16288,10686
172485,8147,16270,10687
172501,7936,337,10688
172517,8035,286,10689
172533,8088,298,10690
172549,7807,311,10691
172565,8203,354,10692
172581,8132,373,10693
172597,7776,290,10694
172613,8055,281,10695
172629,7914,319,10696
172645,7910,344,10697
172661,8202,307,10698
172677,7876,295,10699
172693,7900,284,10700
172709,8120,353,10701
172725,8008,322,10702
172741,8178,346,10703
172757,8170,334,10704
172773,8049,378,10705
172789,8133,312,10706
172805,8017,303,10707
172821,7907,304,10708
172837,7980,298,10709
172853,7841,326,10710
172869,7963,304,10711
172885,7958,340,10712
172901,7961,370,10713
172917,8057,317,10714
172933,7940,340,10715
172949,8076,308,10716
172965,8170,359,10717
172981,8011,365,10718
172997,8221,16292,10719
173013,7985,16228,10720
173029,8070,16306,10721
173045,8150,16298,10722
173061,7834,16257,10723
173077,7779,16228,10724
173093,8041,16355,10725
173109,7836,16278,10726
173125,7921,16244,10727
173141,8048,16259,10728
173157,8007,16328,10729
173173,8130,16193,10730
173189,8109,16383,10731
173205,8122,16314,10732
173221,8288,16290,10733
173237,7965,16296,10734
173253,8017,16261,10735
173269,8167,16347,10736
173285,7817,16358,10737
173301,7955,16278,10738
173317,7960,16340,10739
173333,7828,16306,10740
173349,8126,16298,10741
173365,8101,16281,10742
173381,8058,16290,10743
173397,8320,16277,10744
173413,8036,16315,10745
173429,8020,16278,10746
173445,8189,16235,10747
173461,7782,16173,10748
173477,7995,16236,10749
173493,8141,16246,10750
173509,7682,306,10751
173525,8034,329,10752
173541,8124,340,10753
173557,7807,314,10754
173573,8091,303,10755
173589,7998,336,10756
173605,7891,346,10757
173621,8233,309,10758
173637,8079,376,10759
173653,8127,279,10760
173669,8269,331,10761
173685,7989,315,10762
173701,8168,344,10763
173717,7978,304,10764
173733,7866,339,10765
173749,8001,309,10766
173765,7979,355,10767
173781,7900,313,10768
173797,7988,271,10769
173813,7924,304,10770
173829,8058,375,10771
173845,8039,369,10772
173861,7858,314,10773
173877,8073,281,10774
173893,8110,366,10775
173909,7842,251,10776
173925,8130,353,10777
173941,7934,342,10778
173957,7978,336,10779
173973,7955,356,10780
173989,7959,370,10781
174005,7861,16374,10782
174021,7964,16247,10783
174037,7955,16271,10784
174053,8046,16277,10785
174069,7953,16252,10786
174085,8088,16265,10787
174101,8074,16344,10788
174117,7974,16184,10789
174133,8004,16322,10790
174149,8027,16308,10791
174165,7889,16302,10792
174181,8148,16286,10793
174197,7803,16253,10794
174213,7943,16279,10795
174229,8058,16292,10796
174245,7764,16226,10797
174261,8003,16289,10798
174277,7994,16317,10799
174293,7803,16243,10800
174309,8187,16310,10801
174325,7995,16285,10802
174341,7952,16309,10803
174357,8229,16366,10804
174373,7831,16216,10805
174389,8122,16368,10806
174405,8086,16263,10807
174421,7965,16283,10808
174437,7991,16258,10809
174453,8048,16234,10810
174469,7896,16229,10811
174485,8204,16275,10812
174501,8153,390,10813
174517,8042,335,10814
174533,8139,319,10815
174549,7946,308,10816
174565,8024,313,10817
174581,8100,328,10818
174597,7837,378,10819
174613,8123,327,10820
174629,7980,343,10821
174645,7785,340,10822
174661,8009,305,10823
174677,7958,368,10824
174693,7973,340,10825
174709,8240,355,10826
174725,7893,211,10827
174741,7862,276,10828
174757,8252,399,10829
174773,7931,354,10830
174789,8016,293,10831
174805,8066,358,10832
174821,7961,330,10833
174837,7933,330,10834
174853,7969,350,10835
174869,7853,302,10836
174885,8038,344,10837
174901,8023,300,10838
174917,7860,287,10839
174933,7922,325,10840
174949,7834,279,10841
174965,7979,306,10842
174981,8030,406,10843
174997,8038,16293,10844
175013,8150,16333,10845
175029,8072,16312,10846
175045,8058,16251,10847
175061,7964,16287,10848
175077,7952,16311,10849
175093,8153,16218,10850
175109,8014,16244,10851
175125,7897,16262,10852
175141,8037,16275,10853
175157,8071,16296,10854
175173,7994,16255,10855
175189,8102,16299,10856
175205,8081,16298,10857
175221,7898,16268,10858
175237,8095,16282,10859
175253,8013,16263,10860
175269,8044,16282,10861
175285,7823,16210,10862
175301,8051,16227,10863
175317,8028,16355,10864
175333,7878,16291,10865
175349,7986,16272,10866
175365,7993,16214,10867
175381,7981,16344,10868
175397,8149,16266,10869
175413,8004,16192,10870
175429,8029,16203,10871
175445,8247,16279,10872
175461,7980,16229,10873
175477,8077,16310,10874
175493,8148,16237,10875
175509,8020,364,10876
175525,8017,356,10877
175541,8052,308,10878
175557,7751,302,10879
175573,8005,276,10880
175589,8139,327,10881
175605,7883,282,10882
175621,8229,354,10883
175637,8069,386,10884
175653,8096,365,10885
175669,8129,303,10886
175685,7973,328,10887
175701,7978,275,10888
175717,8177,350,10889
175733,8006,315,10890
175749,7989,337,10891
175765,8007,281,10892
175781,7923,340,10893
175797,8113,315,10894
175813,7853,325,10895
175829,7965,355,10896
175845,8306,329,10897
175861,8063,339,10898
175877,8200,348,10899
175893,8023,314,10900
175909,7912,375,10901
175925,8102,299,10902
175941,8097,336,10903
175957,7831,324,10904
175973,8064,282,10905
175989,7780,304,10906
176005,7924,16335,10907
176021,8007,16246,10908
176037,7883,16223,10909
176053,8000,16248,10910
176069,8019,16242,10911
176085,8105,16316,10912
176101,8047,16305,10913
176117,8079,16257,10914
176133,7985,16222,10915
176149,8000,16271,10916
176165,7986,16302,10917
176181,8020,16257,10918
176197,8007,16294,10919
176213,7971,16285,10920
176229,8068,16244,10921
176245,7947,16263,10922
176261,7918,16254,10923
176277,8072,16283,10924
176293,7940,16261,10925
176309,8079,16247,10926
176325,8220,16321,10927
176341,8106,16349,10928
176357,8310,16309,10929
176373,8079,16203,10930
176389,7972,16296,10931
176405,8079,16276,10932
176421,7924,16272,10933
176437,8073,16266,10934
176453,7986,16226,10935
176469,7942,16238,10936
176485,8068,16280,10937
176501,8094,388,10938
176517,8018,380,10939
176533,8146,303,10940
176549,7964,312,10941
176565,8133,365,10942
176581,8208,324,10943
176597,7951,332,10944
176613,8047,330,10945
176629,7952,302,10946
176645,7709,323,10947
176661,8093,377,10948
176677,7790,275,10949
176693,7786,319,10950
176709,8070,316,10951
176725,7923,360,10952
176741,7938,336,10953
176757,8156,302,10954
176773,8059,396,10955
176789,8011,367,10956
176805,8216,386,10957
176821,7818,311,10958
176837,8033,340,10959
176853,8080,428,10960
176869,7710,310,10961
176885,8042,348,10962
176901,7940,285,10963
176917,7869,335,10964
176933,8174,316,10965
176949,7869,325,10966
176965,7889,320,10967
176981,8074,375,10968
176997,7911,16228,10969
177013,7984,16225,10970
177029,8155,16277,10971
177045,7879,16183,10972
177061,8024,16301,10973
177077,8019,16255,10974
177093,7915,16260,10975
177109,8162,16296,10976
177125,7927,16311,10977
177141,7924,16230,10978
177157,8145,16328,10979
177173,7994,16276,10980
177189,8069,16349,10981
177205,8010,16216,10982
177221,7882,16288,10983
177237,8154,16295,10984
177253,8072,16327,10985
177269,7988,16248,10986
177285,7983,16285,10987
177301,8059,16238,10988
177317,7868,16268,10989
177333,7923,16301,10990
177349,7901,16272,10991
177365,8015,16279,10992
177381,7981,16296,10993
177397,7980,16252,10994
177413,8048,16213,10995
177429,7912,16235,10996
177445,8147,16294,10997
177461,8024,16254,10998
177477,8120,16353,10999
177493,8188,16243,11000
177509,7877,323,11001
177525,8024,315,11002
177541,8109,327,11003
177557,8003,344,11004
177573,7992,325,11005
177589,8069,258,11006
177605,7872,314,11007
177621,8097,320,11008
177637,8153,383,11009
177653,8012,338,11010
177669,8158,355,11011
177685,7974,333,11012
177701,8051,361,11013
177717,8052,268,11014
177733,7743,311,11015
177749,8042,355,11016
177765,7991,319,11017
177781,7731,296,11018
177797,8227,315,11019
177813,8053,380,11020
177829,7912,361,11021
177845,8230,312,11022
177861,8016,379,11023
177877,7947,274,11024
177893,8245,353,11025
177909,7936,370,11026
177925,8146,310,11027
177941,8147,313,11028
177957,7753,317,11029
177973,8041,337,11030
177989,7982,331,11031
178005,7844,16311,11032
178021,8170,16223,11033
178037,7950,16261,11034
178053,7970,16286,11035
178069,8217,16220,11036
178085,7875,16272,11037
178101,8095,16311,11038
178117,8143,16249,11039
178133,8026,16339,11040
178149,8003,16227,11041
178165,8045,16268,11042
178181,7946,16261,11043
178197,8012,16245,11044
178213,7936,16203,11045
178229,8124,16358,11046
178245,7980,16261,11047
178261,7889,16262,11048
178277,8017,16234,11049
178293,7955,16250,11050
178309,7969,16228,11051
178325,8058,16303,11052
178341,7966,16306,11053
178357,8041,16263,11054
178373,8058,16278,11055
178389,7999,16324,11056
178405,8004,16289,11057
178421,8059,16266,11058
178437,7882,16289,11059
178453,8031,16212,11060
178469,8074,16310,11061
178485,8066,16226,11062
178501,8112,355,11063
178517,7962,301,11064
178533,8181,328,11065
178549,7988,325,11066
178565,8086,345,11067
178581,8295,342,11068
178597,8124,346,11069
178613,8030,308,11070
178629,8178,274,11071
178645,7830,372,11072
178661,7952,320,11073
178677,7928,297,11074
178693,7683,332,11075
178709,7942,293,11076
178725,7842,274,11077
178741,7822,292,11078
178757,8220,331,11079
178773,8003,318,11080
178789,7971,330,11081
178805,8208,351,11082
178821,7838,286,11083
178837,7863,269,11084
178853,7993,302,11085
178869,7836,348,11086
178885,7857,325,11087
178901,7938,339,11088
178917,7704,309,11089
178933,8028,319,11090
178949,8037,345,11091
178965,8069,373,11092
178981,8113,291,11093
178997,8094,16320,11094
179013,8087,16302,11095
179029,8243,16300,11096
179045,7792,16296,11097
179061,8103,16284,11098
179077,7937,16302,11099
179093,7767,16285,11100
179109,8136,16336,11101
179125,7884,16282,11102
179141,7794,16177,11103
179157,8207,16319,11104
179173,7975,16266,11105
179189,7993,16217,11106
179205,8334,16319,11107
179221,7938,16298,11108
179237,8220,16192,11109
179253,8227,16259,11110
179269,7850,16251,11111
179285,8144,16337,11112
179301,8052,16308,11113
179317,7892,16240,11114
179333,8029,16245,11115
179349,7986,16291,11116
179365,7938,16284,11117
179381,8071,16222,11118
179397,8069,16302,11119
179413,8061,16255,11120
179429,7906,16296,11121
179445,8025,16304,11122
179461,8257,16291,11123
179477,8036,16231,11124
179493,8254,16244,11125
179509,8111,352,11126
179525,8069,354,11127
179541,8180,351,11128
179557,7886,295,11129
179573,8087,400,11130
179589,8137,356,11131
179605,8031,362,11132
179621,8035,309,11133
179637,8047,294,11134
179653,7918,400,11135
179669,8020,316,11136
179685,8111,367,11137
179701,8030,344,11138
179717,8218,321,11139
179733,8014,375,11140
179749,8034,343,11141
179765,8099,384,11142
179781,7793,303,11143
179797,7862,251,11144
179813,7959,353,11145
179829,7676,300,11146
179845,8150,334,11147
179861,7985,264,11148
179877,8094,370,11149
179893,8254,282,11150
179909,8019,387,11151
179925,8300,371,11152
179941,8200,308,11153
179957,7821,317,11154
179973,8062,310,11155
179989,8082,347,11156
180005,7886,16316,11157
180021,8177,16273,11158
180037,8014,16276,11159
180053,7759,16276,11160
180069,8358,16316,11161
180085,8093,16248,11162
180101,8087,16294,11163
180117,8309,16291,11164
180133,7905,16295,11165
180149,8172,16314,11166
180165,8199,16285,11167
180181,7993,16326,11168
180197,8071,16284,11169
180213,7923,16262,11170
180229,7931,16334,11171
180245,8204,16324,11172
180261,7923,16309,11173
180277,7931,16192,11174
180293,8230,16270,11175
180309,7885,16251,11176
180325,8180,16269,11177
180341,8016,16296,11178
180357,7920,16361,11179
180373,8114,16245,11180
180389,7940,16276,11181
180405,8029,16379,11182
180421,8246,16312,11183
180437,8010,16296,11184
180453,7970,16276,11185
180469,8117,16299,11186
180485,7948,16234,11187
180501,8149,358,11188
180517,8039,357,11189
180533,8018,322,11190
180549,7997,307,11191
180565,8006,368,11192
180581,8078,360,11193
180597,8193,386,11194
180613,8062,381,11195
180629,8164,309,11196
180645,7997,283,11197
180661,7904,310,11198
180677,8126,330,11199
180693,8069,342,11200
180709,7979,341,11201
180725,8012,311,11202
180741,7862,331,11203
180757,8028,295,11204
180773,8046,359,11205
180789,7737,349,11206
180805,8086,324,11207
180821,7918,340,11208
180837,7985,320,11209
180853,8114,386,11210
180869,7881,377,11211
180885,8036,354,11212
180901,8031,268,11213
180917,7725,282,11214
180933,7985,268,11215
180949,7927,306,11216
180965,7910,296,11217
180981,8251,369,11218
180997,8155,16332,11219
181013,7990,16244,11220
181029,8155,16251,11221
181045,7926,16310,11222
181061,8132,16184,11223
181077,7972,16317,11224
181093,7819,16255,11225
181109,7995,16262,11226
181125,8081,16307,11227
181141,7905,16283,11228
181157,8136,16238,11229
181173,7861,16211,11230
181189,7988,16226,11231
181205,8314,16295,11232
181221,7875,16270,11233
181237,8078,16264,11234
181253,8262,16319,11235
181269,7842,16193,11236
181285,8180,16343,11237
181301,8045,16329,11238
181317,7881,16242,11239
181333,8148,16242,11240
181349,8032,16280,11241
181365,7910,16256,11242
181381,8159,16232,11243
181397,8008,16246,11244
181413,7955,16347,11245
181429,7997,16182,11246
181445,7924,16224,11247
181461,8152,16300,11248
181477,8084,16247,11249
181493,7921,16307,11250
181509,8171,366,11251
181525,8042,348,11252
181541,8165,346,11253
181557,8177,386,11254
181573,7964,296,11255
181589,8146,306,11256
181605,8222,373,11257
181621,7920,263,11258
181637,7958,308,11259
181653,7905,326,11260
181669,8024,315,11261
181685,8086,349,11262
181701,7927,288,11263
181717,7946,318,11264
181733,8139,440,11265
181749,8010,363,11266
181765,8171,385,11267
181781,8034,387,11268
181797,8016,331,11269
181813,8082,269,11270
181829,7816,256,11271
181845,8104,346,11272
181861,8002,324,11273
181877,8017,396,11274
181893,8304,364,11275
181909,8032,358,11276
181925,8090,328,11277
181941,8192,349,11278
181957,7983,378,11279
181973,8053,297,11280
181989,8071,342,11281
182005,7873,16300,11282
182021,8060,16263,11283
182037,8085,16243,11284
182053,7753,16193,11285
182069,8062,16297,11286
182085,8033,16273,11287
182101,7961,16289,11288
182117,8290,16260,11289
182133,8126,16316,11290
182149,8074,16241,11291
182165,8226,16278,11292
182181,8013,16273,11293
182197,8088,16365,11294
182213,8010,16265,11295
182229,7851,16342,11296
182245,8007,16303,11297
182261,7864,16244,11298
182277,7845,16365,11299
182293,8144,16269,11300
182309,7990,16356,11301
182325,8131,16218,11302
182341,8259,16294,11303
182357,7961,16319,11304
182373,8139,16262,11305
182389,8250,16327,11306
182405,7866,16340,11307
182421,8112,16289,11308
182437,8003,16210,11309
182453,7742,16222,11310
182469,8090,16275,11311
182485,7930,16277,11312
182501,7936,323,11313
182517,8126,310,11314
182533,8014,371,11315
182549,8036,284,11316
182565,8187,372,11317
182581,7998,288,11318
182597,8056,328,11319
182613,8135,426,11320
182629,7988,341,11321
182645,8050,338,11322
182661,8155,326,11323
182677,8075,337,11324
182693,7963,302,11325
182709,7923,311,11326
182725,8111,336,11327
182741,7998,332,11328
182757,7988,270,11329
182773,8063,343,11330
182789,7999,347,11331
182805,8182,352,11332
182821,8210,389,11333
182837,8030,349,11334
182853,8063,272,11335
182869,7996,340,11336
182885,7880,337,11337
182901,8067,277,11338
182917,7890,325,11339
182933,7937,328,11340
182949,7942,322,11341
182965,7913,308,11342
182981,8019,333,11343
182997,8090,16333,11344
183013,8071,16276,11345
183029,8189,16280,11346
183045,8051,16295,11347
183061,8106,16269,11348
183077,8126,16294,11349
183093,7867,16267,11350
183109,8061,16304,11351
183125,8069,16249,11352
183141,7885,16242,11353
183157,8108,16336,11354
183173,7834,16329,11355
183189,7874,16311,11356
183205,8220,16257,11357
183221,7987,16283,11358
183237,7979,16314,11359
183253,8215,16302,11360
183269,7998,16304,11361
183285,8072,16244,11362
183301,8193,16263,11363
183317,7776,16253,11364
183333,8110,16277,11365
183349,8063,16276,11366
183365,7997,16301,11367
183381,8000,16298,11368
183397,8053,16348,11369
183413,8034,16343,11370
183429,8230,16260,11371
183445,8074,16251,11372
183461,8034,16282,11373
183477,8241,16351,11374
183493,8051,16253,11375
183509,8137,312,11376
183525,8104,420,11377
183541,7923,335,11378
183557,8035,314,11379
183573,7984,384,11380
183589,8058,348,11381
183605,8184,362,11382
183621,7943,328,11383
183637,7966,360,11384
183653,8090,262,11385
183669,7920,303,11386
183685,8062,321,11387
183701,8009,351,11388
183717,8036,331,11389
183733,8077,331,11390
183749,7971,318,11391
183765,7998,305,11392
183781,8092,302,11393
183797,8083,370,11394
183813,7923,250,11395
183829,8004,327,11396
183845,7965,360,11397
183861,7966,305,11398
183877,8025,349,11399
183893,8119,374,11400
183909,8045,313,11401
183925,7928,306,11402
183941,8106,277,11403
183957,7997,398,11404
183973,7976,325,11405
183989,8040,297,11406
184005,7813,16244,11407
184021,7932,16273,11408
184037,8096,16182,11409
184053,7910,16222,11410
184069,8120,16326,11411
184085,8045,16294,11412
184101,7823,16349,11413
184117,8116,16346,11414
184133,8097,16303,11415
184149,8079,16317,11416
184165,8265,16279,11417
184181,7975,16268,11418
184197,8066,16299,11419
184213,8093,16307,11420
184229,7843,16252,11421
184245,8079,16209,11422
184261,8044,16305,11423
184277,7902,16352,11424
184293,8162,16246,11425
184309,7941,16289,11426
184325,7980,16277,11427
184341,8156,16278,11428
184357,7959,16301,11429
184373,8108,16263,11430
184389,8206,16298,11431
184405,7924,16210,11432
184421,8132,16308,11433
184437,8083,16308,11434
184453,7758,16322,11435
184469,8056,16240,11436
184485,7860,16206,11437
184501,7979,348,11438
184517,8221,373,11439
184533,7876,358,11440
184549,8024,306,11441
184565,8272,296,11442
184581,8082,350,11443
184597,8177,333,11444
184613,8207,331,11445
184629,7951,310,11446
184645,8110,311,11447
184661,8111,316,11448
184677,7984,355,11449
184693,8125,346,11450
184709,7940,316,11451
184725,7943,285,11452
184741,7981,328,11453
184757,7867,292,11454
184773,7989,339,11455
184789,8014,322,11456
184805,8053,325,11457
184821,8130,296,11458
184837,7964,387,11459
184853,8018,363,11460
184869,8173,402,11461
184885,7983,320,11462
184901,8079,316,11463
184917,7854,362,11464
184933,7806,317,11465
184949,8095,328,11466
184965,7884,320,11467
184981,8001,359,11468
184997,7925,16262,11469
185013,7976,16320,11470
185029,8083,16239,11471
185045,8145,16238,11472
185061,8086,16247,11473
185077,8150,16309,11474
185093,8046,16341,11475
185109,8018,16296,11476
185125,8016,16272,11477
185141,7905,16336,11478
185157,7996,16344,11479
185173,8046,16293,11480
185189,7788,16290,11481
185205,8074,16338,11482
185221,8148,16280,11483
185237,7981,16316,11484
185253,8309,16267,11485
185269,8120,16337,11486
185285,7991,16283,11487
185301,8255,16293,11488
185317,7959,16261,11489
185333,8064,16341,11490
185349,8078,16221,11491
185365,7832,16279,11492
185381,8069,16257,11493
185397,8026,16317,11494
185413,7666,16249,11495
185429,8014,16246,11496
185445,7968,16216,11497
185461,8064,16272,11498
185477,8245,16245,11499
185493,8185,16285,11500
185509,8214,336,11501
185525,8198,341,11502
185541,8007,344,11503
185557,8151,368,11504
185573,7982,326,11505
185589,7855,319,11506
185605,8059,275,11507
185621,7841,277,11508
185637,8027,359,11509
185653,8143,349,11510
185669,7988,304,11511
185685,7995,289,11512
185701,8221,376,11513
185717,7983,347,11514
185733,8167,321,11515
185749,8148,409,11516
185765,8035,338,11517
185781,8107,280,11518
185797,8033,373,11519
185813,7954,347,11520
185829,8095,213,11521
185845,7808,288,11522
185861,7949,285,11523
185877,8068,382,11524
185893,8062,304,11525
185909,8049,374,11526
185925,8114,384,11527
185941,8226,379,11528
185957,8142,359,11529
185973,8032,402,11530
185989,8051,295,11531
186005,8115,16253,11532
186021,8018,16234,11533
186037,8032,16292,11534
186053,7858,16243,11535
186069,7979,16267,11536
186085,8100,16302,11537
186101,7808,16251,11538
186117,8051,16344,11539
186133,8168,16344,11540
186149,7975,16319,11541
186165,8230,16310,11542
186181,8157,16249,11543
186197,7998,16294,11544
186213,8119,16221,11545
186229,7977,16345,11546
186245,7983,16231,11547
186261,8020,16279,11548
186277,7887,16298,11549
186293,7950,16209,11550
186309,7929,16300,11551
186325,7865,16272,11552
186341,8019,16272,11553
186357,7957,16369,11554
186373,8180,16296,11555
186389,8201,16203,11556
186405,8116,16281,11557
186421,8129,16322,11558
186437,8132,16302,11559
186453,7967,16302,11560
186469,8144,16335,11561
186485,8053,16278,11562
186501,7823,345,11563
186517,8020,348,11564
186533,7813,302,11565
186549,7924,307,11566
186565,8303,348,11567
186581,8050,316,11568
186597,7991,277,11569
186613,8363,365,11570
186629,7959,385,11571
186645,8026,293,11572
186661,8097,287,11573
186677,7753,367,11574
186693,8103,307,11575
186709,8062,367,11576
186725,7941,318,11577
186741,8009,337,11578
186757,7980,301,11579
186773,7926,324,11580
186789,8207,356,11581
186805,7968,256,11582
186821,8134,337,11583
186837,8065,322,11584
186853,7964,319,11585
186869,7951,310,11586
186885,7954,394,11587
186901,8066,354,11588
186917,8016,356,11589
186933,8013,379,11590
186949,8063,291,11591
186965,8023,242,11592
186981,7918,297,11593
186997,8032,16251,11594
187013,7961,16301,11595
187029,7891,16177,11596
187045,8030,16280,11597
187061,8019,16269,11598
187077,8026,16304,11599
187093,8062,16239,11600
187109,8235,16317,11601
187125,8051,16201,11602
187141,7886,16260,11603
187157,7941,16251,11604
187173,7914,16302,11605
187189,7993,16330,11606
187205,8044,16221,11607
187221,7902,16283,11608
187237,7912,16266,11609
187253,8155,16256,11610
187269,8029,16316,11611
187285,7995,16291,11612
187301,8113,16311,11613
187317,7889,16262,11614
187333,8018,16329,11615
187349,8336,16322,11616
187365,7826,16249,11617
187381,8151,16347,11618
187397,8202,16274,11619
187413,7859,16256,11620
187429,8116,16331,11621
187445,8001,16179,11622
187461,8002,16265,11623
187477,8171,16283,11624
187493,8047,16238,11625
187509,8052,377,11626
187525,8323,304,11627
187541,7959,380,11628
187557,8047,290,11629
187573,8052,333,11630
187589,7963,341,11631
187605,8057,301,11632
187621,7964,367,11633
187637,7962,368,11634
187653,8218,329,11635
187669,7921,297,11636
187685,7819,319,11637
187701,8304,350,11638
187717,7771,279,11639
187733,8012,293,11640
187749,8276,370,11641
187765,7843,308,11642
187781,8209,303,11643
187797,8008,347,11644
187813,7884,310,11645
187829,8236,318,11646
187845,7945,328,11647
187861,7928,275,11648
187877,8239,315,11649
187893,7950,386,11650
187909,7950,288,11651
187925,8020,333,11652
187941,7993,280,11653
187957,8108,364,11654
187973,8070,329,11655
187989,7987,292,11656
188005,8071,16290,11657
188021,7941,16243,11658
188037,8042,16274,11659
188053,8124,16319,11660
188069,7949,16232,11661
188085,8063,16290,11662
188101,8074,16285,11663
188117,7929,16244,11664
188133,8294,16360,11665
188149,7972,16278,11666
188165,8039,16265,11667
188181,8155,16194,11668
188197,8067,16262,11669
188213,8026,16246,11670
188229,8048,16251,11671
188245,7954,16278,11672
188261,8300,16331,11673
188277,8017,16235,11674
188293,7944,16288,11675
188309,8051,16339,11676
188325,7870,16369,11677
188341,7968,16268,11678
188357,8039,16278,11679
188373,7991,16306,11680
188389,8219,16328,11681
188405,8226,16299,11682
188421,8194,16293,11683
188437,8410,16295,11684
188453,7890,16211,11685
188469,8096,16292,11686
188485,8225,16272,11687
188501,7848,366,11688
188517,8198,300,11689
188533,8168,344,11690
188549,7791,298,11691
188565,8275,351,11692
188581,7928,272,11693
188597,7877,350,11694
188613,8261,298,11695
188629,8036,321,11696
188645,8202,356,11697
188661,8174,316,11698
188677,7792,341,11699
188693,8122,345,11700
188709,8076,355,11701
188725,7761,337,11702
188741,8105,316,11703
188757,7816,291,11704
188773,7791,311,11705
188789,8115,336,11706
188805,7907,326,11707
188821,7996,271,11708
188837,8250,349,11709
188853,7881,313,11710
188869,8222,282,11711
188885,8069,368,11712
188901,7886,277,11713
188917,8214,364,11714
188933,7903,388,11715
188949,7736,244,11716
188965,8070,308,11717
188981,7786,315,11718
188997,7956,16325,11719
189013,8212,16271,11720
189029,7969,16246,11721
189045,8005,16295,11722
189061,8133,16275,11723
189077,7989,16314,11724
189093,8144,16239,11725
189109,8025,16291,11726
189125,8032,16218,11727
189141,8159,16331,11728
189157,7911,16218,11729
189173,8029,16354,11730
189189,8081,16225,11731
189205,7878,16246,11732
189221,8107,16246,11733
189237,8028,16272,11734
189253,7950,16267,11735
189269,8054,16240,11736
189285,7941,16346,11737
189301,8153,16303,11738
189317,8110,16363,11739
189333,7908,16276,11740
189349,8183,16181,11741
189365,7923,16218,11742
189381,8036,16267,11743
189397,8178,16341,11744
189413,7938,16211,11745
189429,7937,16246,11746
189445,8115,16244,11747
189461,7804,16255,11748
189477,8182,16302,11749
189493,8052,16251,11750
189509,7937,316,11751
189525,8131,281,11752
189541,8060,272,11753
189557,8093,269,11754
189573,8262,347,11755
189589,7891,357,11756
189605,8087,337,11757
189621,8151,329,11758
189637,7815,290,11759
189653,8112,360,11760
189669,7712,306,11761
189685,7961,342,11762
189701,8331,370,11763
189717,7958,358,11764
189733,7993,333,11765
189749,8120,312,11766
189765,7931,370,11767
189781,8138,352,11768
189797,8135,321,11769
189813,7669,306,11770
189829,8190,322,11771
189845,7935,328,11772
189861,7861,326,11773
189877,8118,324,11774
189893,7980,360,11775
189909,7984,327,11776
189925,8213,321,11777
189941,7972,318,11778
189957,8045,291,11779
189973,8084,319,11780
189989,7871,329,11781
190005,8142,16271,11782
190021,7917,16315,11783
190037,7966,16251,11784
190053,8119,16327,11785
190069,7940,16331,11786
190085,8028,16335,11787
190101,8076,16285,11788
190117,7893,16298,11789
190133,8087,16305,11790
190149,8116,16283,11791
190165,7929,16271,11792
190181,8103,16190,11793
190197,8005,16239,11794
190213,7966,16238,11795
190229,8184,16282,11796
190245,7881,16262,11797
190261,8085,16216,11798
190277,8144,16361,11799
190293,8000,16204,11800
190309,8045,16298,11801
190325,8028,16340,11802
190341,7890,16316,11803
190357,8009,16253,11804
190373,8045,16316,11805
190389,8024,16277,11806
190405,8208,16297,11807
190421,7914,16298,11808
190437,8190,16275,11809
190453,7984,16199,11810
190469,8092,16303,11811
190485,8039,16279,11812
190501,8030,373,11813
190517,7931,349,11814
190533,8180,383,11815
190549,7804,349,11816
190565,8156,330,11817
190581,7916,295,11818
190597,7784,289,11819
190613,8127,292,11820
190629,8159,350,11821
190645,7862,323,11822
190661,8194,329,11823
190677,7871,286,11824
190693,8020,320,11825
190709,8054,301,11826
190725,7861,303,11827
190741,8097,299,11828
190757,8038,322,11829
190773,7909,301,11830
190789,8041,314,11831
190805,7957,301,11832
190821,8021,322,11833
190837,8162,365,11834
190853,7942,356,11835
190869,8179,364,11836
190885,8108,382,11837
190901,8033,378,11838
190917,8225,311,11839
190933,8010,322,11840
190949,7945,364,11841
190965,8129,326,11842
190981,7989,423,11843
190997,7839,16323,11844
191013,8131,16257,11845
191029,7952,16309,11846
191045,7915,16284,11847
191061,8243,16302,11848
191077,7969,16235,11849
191093,8088,16298,11850
191109,8084,16319,11851
191125,7930,16312,11852
191141,8123,16303,11853
191157,8009,16278,11854
191173,7958,16306,11855
191189,8026,16249,11856
191205,8082,16270,11857
191221,7997,16321,11858
191237,8082,16275,11859
191253,7982,16223,11860
191269,8080,16262,11861
191285,8128,16301,11862
191301,8036,16270,11863
191317,8065,16249,11864
191333,8128,16251,11865
191349,8054,16238,11866
191365,8116,16339,11867
191381,8033,16245,11868
191397,8056,16273,11869
191413,7989,16309,11870
191429,7927,16275,11871
191445,8036,16326,11872
191461,7993,16317,11873
191477,8028,16245,11874
191493,8079,16259,11875
191509,7994,331,11876
191525,8248,347,11877
191541,8260,363,11878
191557,8104,330,11879
191573,8222,365,11880
191589,8092,357,11881
191605,8129,340,11882
191621,7951,262,11883
191637,7925,353,11884
191653,7970,303,11885
191669,8033,323,11886
191685,7934,348,11887
191701,8155,297,11888
191717,7913,311,11889
191733,8064,349,11890
191749,8306,274,11891
191765,8020,349,11892
191781,8085,344,11893
191797,8238,346,11894
191813,7861,296,11895
191829,8015,302,11896
191845,7998,310,11897
191861,7766,357,11898
191877,8044,366,11899
191893,7886,299,11900
191909,7859,320,11901
191925,8153,332,11902
191941,7951,292,11903
191957,8044,318,11904
191973,8260,351,11905
191989,8040,377,11906
192005,8122,16258,11907
192021,8107,16312,11908
192037,7892,16276,11909
192053,8119,16290,11910
192069,7952,16286,11911
192085,8072,16215,11912
192101,8054,16219,11913
192117,7936,16284,11914
192133,8037,16288,11915
192149,8219,16262,11916
192165,7954,16183,11917
192181,7991,16273,11918
192197,8303,16288,11919
192213,7981,16266,11920
192229,8144,16245,11921
192245,8160,16335,11922
192261,7837,16261,11923
192277,8108,16363,11924
192293,8049,16343,11925
192309,7846,16265,11926
192325,8114,16308,11927
192341,8052,16302,11928
192357,7956,16249,11929
192373,8178,16200,11930
192389,7904,16266,11931
192405,8068,16328,11932
192421,8060,16194,11933
192437,8100,16239,11934
192453,8047,16270,11935
192469,8065,16355,11936
192485,7957,16287,11937
192501,7983,331,11938
192517,8313,286,11939
192533,8032,294,11940
192549,7814,283,11941
192565,8058,300,11942
192581,7987,326,11943
192597,7861,280,11944
192613,8064,355,11945
192629,8070,379,11946
192645,8100,348,11947
192661,8240,376,11948
192677,8035,352,11949
192693,8062,333,11950
192709,8114,290,11951
192725,7959,346,11952
192741,7967,282,11953
192757,7981,309,11954
192773,7885,373,11955
192789,8103,345,11956
192805,7898,291,11957
192821,7934,327,11958
192837,8176,308,11959
192853,8152,377,11960
192869,8046,400,11961
192885,8124,319,11962
192901,8025,356,11963
192917,8151,338,11964
192933,7995,300,11965
192949,7906,281,11966
192965,8249,321,11967
192981,8065,297,11968
192997,7836,16281,11969
193013,8081,16193,11970
193029,8022,16269,11971
193045,7871,16265,11972
193061,8266,16299,11973
193077,8004,16233,11974
193093,8077,16367,11975
193109,8290,16224,11976
193125,7982,16289,11977
193141,8097,16293,11978
193157,8040,16310,11979
193173,7755,16254,11980
193189,8021,16247,11981
193205,7952,16306,11982
193221,7926,16279,11983
193237,8069,16296,11984
193253,7974,16340,11985
193269,7958,16311,11986
193285,8110,16277,11987
193301,8045,16272,11988
193317,8107,16308,11989
193333,8121,16272,11990
193349,8073,16261,11991
193365,8035,16210,11992
193381,8019,16266,11993
193397,7964,16259,11994
193413,8017,16348,11995
193429,8132,16292,11996
193445,8103,16234,11997
193461,8199,16339,11998
193477,8084,16295,11999
193493,8098,16244,12000
193509,8111,376,12001
193525,7928,280,12002
193541,8106,315,12003
193557,8075,345,12004
193573,8089,316,12005
193589,8128,374,12006
193605,8220,385,12007
193621,8199,325,12008
193637,7951,331,12009
193653,8149,353,12010
193669,8039,273,12011
193685,7936,318,12012
193701,8038,288,12013
193717,8079,394,12014
193733,7910,334,12015
193749,8071,308,12016
193765,7889,389,12017
193781,8045,386,12018
193797,8253,340,12019
193813,7994,287,12020
193829,8100,308,12021
193845,8077,338,12022
193861,7874,309,12023
193877,8100,345,12024
193893,7986,364,12025
193909,7770,310,12026
193925,8086,357,12027
193941,8024,315,12028
193957,7961,373,12029
193973,8238,325,12030
193989,8068,379,12031
194005,8109,16323,12032
194021,8188,16302,12033
194037,8064,16325,12034
194053,8055,16301,12035
194069,8096,16304,12036
194085,7939,16263,12037
194101,8176,16260,12038
194117,7898,16266,12039
194133,7923,16223,12040
194149,8114,16312,12041
194165,7959,16258,12042
194181,8198,16221,12043
194197,8296,16228,12044
194213,7954,16262,12045
194229,8151,16191,12046
194245,8134,16254,12047
194261,7807,16240,12048
194277,8245,16349,12049
194293,8108,16270,12050
194309,7956,16260,12051
194325,8073,16190,12052
194341,7934,16284,12053
194357,8042,16248,12054
194373,8213,16337,12055
194389,7959,16323,12056
194405,7880,16221,12057
194421,8208,16268,12058
194437,8031,16354,12059
194453,8100,16305,12060
194469,8169,16288,12061
194485,8074,16166,12062
194501,8026,318,12063
194517,8084,300,12064
194533,8072,348,12065
194549,8155,330,12066
194565,7987,332,12067
194581,8010,300,12068
194597,8028,383,12069
194613,8041,332,12070
194629,8055,321,12071
194645,7928,347,12072
194661,8142,335,12073
194677,8207,361,12074
194693,7961,319,12075
194709,8084,306,12076
194725,8045,324,12077
194741,7998,364,12078
194757,8049,362,12079
194773,8005,329,12080
194789,7962,336,12081
194805,8010,377,12082
194821,7969,283,12083
194837,8022,352,12084
194853,7911,327,12085
194869,8123,348,12086
194885,8067,327,12087
194901,7937,325,12088
194917,8077,391,12089
194933,8148,335,12090
194949,8041,345,12091
194965,8042,368,12092
194981,7996,338,12093
194997,7743,16239,12094
195013,8011,16275,12095
195029,7895,16300,12096
195045,7769,16295,12097
195061,8167,16291,12098
195077,8101,16299,12099
195093,8067,16303,12100
195109,8378,16254,12101
195125,8108,16216,12102
195141,8260,16338,12103
195157,8212,16312,12104
195173,8048,16298,12105
195189,8132,16233,12106
195205,8124,16361,12107
195221,7893,16265,12108
195237,8018,16220,12109
195253,7857,16250,12110
195269,7974,16320,12111
195285,8186,16301,12112
195301,8054,16318,12113
195317,8035,16274,12114
195333,8204,16324,12115
195349,8128,16314,12116
195365,8304,16294,12117
195381,8198,16346,12118
195397,7880,16241,12119
195413,8118,16292,12120
195429,7930,16234,12121
195445,8032,16290,12122
195461,8193,16354,12123
195477,7937,16229,12124
195493,8245,16268,12125
195509,8291,395,12126
195525,8060,357,12127
195541,8198,349,12128
195557,8188,348,12129
195573,7986,340,12130
195589,8291,355,12131
195605,8075,365,12132
195621,8108,338,12133
195637,8152,360,12134
195653,8014,384,12135
195669,7916,268,12136
195685,8046,294,12137
195701,7908,280,12138
195717,8049,315,12139
195733,8201,381,12140
195749,7964,291,12141
195765,8130,343,12142
195781,7966,334,12143
195797,8188,317,12144
195813,8109,371,12145
195829,7988,292,12146
195845,8160,324,12147
