Frecuencia_Hz,Ganancia_dB,Fase_grados
20.0,0.00014387088237477423,0.06505300622043281
25.179,0.00080832787575436,0.07620231118331376
31.698,0.0018120596077160897,0.1041905742635239
39.905,-0.005012740949222955,0.16662907601676105
50.238,0.00034223710154389017,0.1436232286452541
63.246,0.001432144179035927,0.1957227795369439
79.621,0.0006001512843419122,0.24987733016987376
100.237,0.0011460619786345246,0.3184154225343886
126.191,0.0015048202625251575,0.398925527496418
158.866,0.0019111375885462454,0.504653118180073
200.0,0.0008432175104124194,0.6381253933154767
251.785,0.0015094463586245446,0.8011048719807518
316.979,0.0005491827916998002,1.0021290367274696
399.052,0.0005953900442325968,1.2604635763642815
502.377,0.0010779564926847438,1.5886417601957483
632.456,0.0006258322049282614,2.0023929208271056
796.214,0.001644073522023457,2.5236492742710412
1002.374,0.0012907708448650053,3.1720671282930804
1261.915,0.0018804877441621997,3.9992163870938557
1588.656,-0.0009062823380708078,5.027344201046938
2000.0,0.0018508117146991783,6.311626948480631
2517.851,0.0012688423877858608,7.97562703342762
3169.786,0.0023900289039266603,10.043100975364782
3990.525,0.001381331350833434,12.660404244018578
5023.773,0.00236968235628187,15.921789028885131
6324.555,0.0009335140842600745,19.99274585731734
7962.143,0.0011036837553296429,25.22695492533602
10023.745,-0.00043789175441801025,31.870495986440275
12619.147,-0.0049722559771724585,40.01495973858472
15886.565,-0.00844795163825421,50.37014565722747
20000.0,0.00857563340734663,63.11253967173482
